surrogate_id,url_sha256_prefix16
SRC-001,83e7d2a8b03d7dc9
SRC-002,726e8334f84bf2e1
SRC-003,30200e21bf5f5d06
SRC-004,9a30866be9ce2efd
SRC-005,53b0170ee0248329
SRC-006,72a13e72ab19177a
SRC-007,acadb69befa921ac
SRC-008,57c80f003c220852
SRC-009,697dfcfad0762e59
SRC-010,1afc978f4ad7df2e
SRC-011,1feef1a86b36334d
SRC-012,19dad3e32e2518d1
SRC-013,e7e0bfdb2c283d35
SRC-014,b584b364341d4f7b
SRC-015,97911c7421ec93b7
SRC-016,696e5d6b34122de8
SRC-017,b5d6b4e0894c73a5
SRC-018,3d3c16e20c5f645f
SRC-019,87aca4699510db27
SRC-020,b45e8e2edbd255af
SRC-021,edf460c36ae926de
SRC-022,d66f91f4d7317da0
SRC-023,fea980ffb5ac3aa6
SRC-024,bd70b700e6c83500
SRC-025,6adaca74344fccc0
SRC-026,9914d2b214e751d6
SRC-027,6e6f363426348300
SRC-028,f025fe47e985b643
SRC-029,63bc01b4832f7439
SRC-030,02a1720606a5e599
SRC-031,4a407a00e2133da6
SRC-032,b13ad37c56d441d9
SRC-033,3be7d304d0d7fff9
SRC-034,ce44aa4311a6cc82
SRC-035,5773d6dffbc343bf
SRC-036,38d33b5ab030019e
SRC-037,1dd1b08bd90abb9a
SRC-038,b417140f1214e757
SRC-039,f426ac1826e14be5
SRC-040,49b0f47264d60a79
SRC-041,97f88a93667b3166
SRC-042,ae62008914a2a32f
SRC-043,0b17dbd96429132d
SRC-044,8270d89fccdc0016
SRC-045,26d7fc5cc437012a
SRC-046,a07e0321e8348761
SRC-047,400820f4d84b7f6d
SRC-048,81c12e3019da93f6
SRC-049,45b0a9c7a1cd843c
SRC-050,9b6ede652b55b25d
SRC-051,483c5fa85b9d8599
SRC-052,995e6ec9d1e81535
SRC-053,3b693c0c1b2afef4
SRC-054,252465971f198c85
SRC-055,278c2e7a6766af01
SRC-056,98bb606a95777963
SRC-057,13fee5d20a1bae48
SRC-058,adb5114149daa064
SRC-059,e1cf119ce74cc302
SRC-060,740cec4f114c4bf4
SRC-061,5cfa672e6a38b856
SRC-062,160c4f9746887829
SRC-063,ea41b5d55e00045c
SRC-064,93ef71c453dfe2ab
SRC-065,792d47bea6520001
SRC-066,754ee45674bf7030
SRC-067,395b04b5ee8d8b63
SRC-068,51fa634f8fddc55e
SRC-069,b3e25c3d99faa537
SRC-070,d9e037025d2c9df9
SRC-071,47416a6fb6921546
SRC-072,edfed32abcec976b
SRC-073,31ef0d6196ce22db
SRC-074,ccd92c648252b12f
SRC-075,67a64dfb67f3c2d2
SRC-076,b093611b47e21234
SRC-077,a78f1a2a1dc49d05
SRC-078,922ff8e6b8102f09
SRC-079,52b79531b42cfb3f
SRC-080,24807fe807c54384
SRC-081,4ca3b5a74fdfa7a9
SRC-082,d88b6f8bafcbf267
SRC-083,ed14cf2e0aa36d36
SRC-084,742e4a41306e5a1c
SRC-085,bce08aa9d2272dbe
SRC-086,e8f66a9f13164a43
SRC-087,1b624a417ddf78bf
SRC-088,33ebfb1790d3ad64
SRC-089,aec68e253b48869b
SRC-090,d61926b2df8fd37d
SRC-091,7723c9c19826f845
SRC-092,b22096a53093f4c8
SRC-093,382584f7cdecc5c9
SRC-094,52c894e1a7ccf908
SRC-095,d7fc22165b74e3b4
SRC-096,0151b32cc3a464e5
SRC-097,bb772ddbdcb28348
SRC-098,29c6b15539d1ea57
SRC-099,a8ba883c220359ee
SRC-100,74846ae47297d71f
SRC-101,2035d80a07421e49
SRC-102,b2d6ccfa842ae89e
SRC-103,81813c9c33253098
SRC-104,d822aad8f8e6fd01
SRC-105,50992b998f32ad5a
SRC-106,fa34a4654898829b
SRC-107,e1711e15c8748980
SRC-108,b1942fe813d0f67b
SRC-109,880d1eb2956150ee
SRC-110,f37db838727889b9
SRC-111,c8fca3cd237122da
