item_id,coder1_status,coder2_status,agreement,adjudicated_status,adjudicator,adjudication_reason,date
ITEM_0001,,,,,,,
ITEM_0002,,,,,,,
ITEM_0003,,,,,,,
ITEM_0004,,,,,,,
ITEM_0005,,,,,,,
ITEM_0006,,,,,,,
ITEM_0007,,,,,,,
ITEM_0008,,,,,,,
ITEM_0009,,,,,,,
ITEM_0010,,,,,,,
ITEM_0011,,,,,,,
ITEM_0012,,,,,,,
ITEM_0013,,,,,,,
ITEM_0014,,,,,,,
ITEM_0015,,,,,,,
ITEM_0016,,,,,,,
ITEM_0017,,,,,,,
ITEM_0018,,,,,,,
ITEM_0019,,,,,,,
ITEM_0020,,,,,,,
ITEM_0021,,,,,,,
ITEM_0022,,,,,,,
ITEM_0023,,,,,,,
ITEM_0024,,,,,,,
ITEM_0025,,,,,,,
ITEM_0026,,,,,,,
ITEM_0027,,,,,,,
ITEM_0028,,,,,,,
ITEM_0029,,,,,,,
ITEM_0030,,,,,,,
ITEM_0031,,,,,,,
ITEM_0032,,,,,,,
ITEM_0033,,,,,,,
ITEM_0034,,,,,,,
ITEM_0035,,,,,,,
ITEM_0036,,,,,,,
ITEM_0037,,,,,,,
ITEM_0038,,,,,,,
ITEM_0039,,,,,,,
ITEM_0040,,,,,,,
ITEM_0041,,,,,,,
ITEM_0042,,,,,,,
ITEM_0043,,,,,,,
ITEM_0044,,,,,,,
ITEM_0045,,,,,,,
ITEM_0046,,,,,,,
ITEM_0047,,,,,,,
ITEM_0048,,,,,,,
ITEM_0049,,,,,,,
ITEM_0050,,,,,,,
ITEM_0051,,,,,,,
ITEM_0052,,,,,,,
ITEM_0053,,,,,,,
ITEM_0054,,,,,,,
ITEM_0055,,,,,,,
ITEM_0056,,,,,,,
ITEM_0057,,,,,,,
ITEM_0058,,,,,,,
ITEM_0059,,,,,,,
ITEM_0060,,,,,,,
ITEM_0061,,,,,,,
ITEM_0062,,,,,,,
ITEM_0063,,,,,,,
ITEM_0064,,,,,,,
ITEM_0065,,,,,,,
ITEM_0066,,,,,,,
ITEM_0067,,,,,,,
ITEM_0068,,,,,,,
ITEM_0069,,,,,,,
ITEM_0070,,,,,,,
ITEM_0071,,,,,,,
ITEM_0072,,,,,,,
ITEM_0073,,,,,,,
ITEM_0074,,,,,,,
ITEM_0075,,,,,,,
ITEM_0076,,,,,,,
ITEM_0077,,,,,,,
ITEM_0078,,,,,,,
ITEM_0079,,,,,,,
ITEM_0080,,,,,,,
ITEM_0081,,,,,,,
ITEM_0082,,,,,,,
ITEM_0083,,,,,,,
ITEM_0084,,,,,,,
ITEM_0085,,,,,,,
ITEM_0086,,,,,,,
ITEM_0087,,,,,,,
ITEM_0088,,,,,,,
ITEM_0089,,,,,,,
ITEM_0090,,,,,,,
ITEM_0091,,,,,,,
ITEM_0092,,,,,,,
ITEM_0093,,,,,,,
ITEM_0094,,,,,,,
ITEM_0095,,,,,,,
ITEM_0096,,,,,,,
ITEM_0097,,,,,,,
ITEM_0098,,,,,,,
ITEM_0099,,,,,,,
ITEM_0100,,,,,,,
ITEM_0101,,,,,,,
ITEM_0102,,,,,,,
ITEM_0103,,,,,,,
ITEM_0104,,,,,,,
ITEM_0105,,,,,,,
ITEM_0106,,,,,,,
ITEM_0107,,,,,,,
ITEM_0108,,,,,,,
ITEM_0109,,,,,,,
ITEM_0110,,,,,,,
ITEM_0111,,,,,,,
ITEM_0112,,,,,,,
ITEM_0113,,,,,,,
ITEM_0114,,,,,,,
ITEM_0115,,,,,,,
ITEM_0116,,,,,,,
ITEM_0117,,,,,,,
ITEM_0118,,,,,,,
ITEM_0119,,,,,,,
ITEM_0120,,,,,,,
ITEM_0121,,,,,,,
ITEM_0122,,,,,,,
ITEM_0123,,,,,,,
ITEM_0124,,,,,,,
ITEM_0125,,,,,,,
ITEM_0126,,,,,,,
ITEM_0127,,,,,,,
ITEM_0128,,,,,,,
ITEM_0129,,,,,,,
ITEM_0130,,,,,,,
ITEM_0131,,,,,,,
ITEM_0132,,,,,,,
ITEM_0133,,,,,,,
ITEM_0134,,,,,,,
ITEM_0135,,,,,,,
ITEM_0136,,,,,,,
ITEM_0137,,,,,,,
ITEM_0138,,,,,,,
ITEM_0139,,,,,,,
ITEM_0140,,,,,,,
ITEM_0141,,,,,,,
ITEM_0142,,,,,,,
ITEM_0143,,,,,,,
ITEM_0144,,,,,,,
ITEM_0145,,,,,,,
ITEM_0146,,,,,,,
ITEM_0147,,,,,,,
ITEM_0148,,,,,,,
ITEM_0149,,,,,,,
ITEM_0150,,,,,,,
ITEM_0151,,,,,,,
ITEM_0152,,,,,,,
ITEM_0153,,,,,,,
ITEM_0154,,,,,,,
ITEM_0155,,,,,,,
ITEM_0156,,,,,,,
ITEM_0157,,,,,,,
ITEM_0158,,,,,,,
ITEM_0159,,,,,,,
ITEM_0160,,,,,,,
ITEM_0161,,,,,,,
ITEM_0162,,,,,,,
ITEM_0163,,,,,,,
ITEM_0164,,,,,,,
ITEM_0165,,,,,,,
ITEM_0166,,,,,,,
ITEM_0167,,,,,,,
ITEM_0168,,,,,,,
ITEM_0169,,,,,,,
ITEM_0170,,,,,,,
ITEM_0171,,,,,,,
ITEM_0172,,,,,,,
ITEM_0173,,,,,,,
ITEM_0174,,,,,,,
ITEM_0175,,,,,,,
ITEM_0176,,,,,,,
ITEM_0177,,,,,,,
ITEM_0178,,,,,,,
ITEM_0179,,,,,,,
ITEM_0180,,,,,,,
ITEM_0181,,,,,,,
ITEM_0182,,,,,,,
ITEM_0183,,,,,,,
ITEM_0184,,,,,,,
ITEM_0185,,,,,,,
ITEM_0186,,,,,,,
ITEM_0187,,,,,,,
ITEM_0188,,,,,,,
ITEM_0189,,,,,,,
ITEM_0190,,,,,,,
ITEM_0191,,,,,,,
ITEM_0192,,,,,,,
ITEM_0193,,,,,,,
ITEM_0194,,,,,,,
ITEM_0195,,,,,,,
ITEM_0196,,,,,,,
ITEM_0197,,,,,,,
ITEM_0198,,,,,,,
ITEM_0199,,,,,,,
ITEM_0200,,,,,,,
ITEM_0201,,,,,,,
ITEM_0202,,,,,,,
ITEM_0203,,,,,,,
ITEM_0204,,,,,,,
ITEM_0205,,,,,,,
ITEM_0206,,,,,,,
ITEM_0207,,,,,,,
ITEM_0208,,,,,,,
ITEM_0209,,,,,,,
ITEM_0210,,,,,,,
ITEM_0211,,,,,,,
ITEM_0212,,,,,,,
ITEM_0213,,,,,,,
ITEM_0214,,,,,,,
ITEM_0215,,,,,,,
ITEM_0216,,,,,,,
ITEM_0217,,,,,,,
ITEM_0218,,,,,,,
ITEM_0219,,,,,,,
ITEM_0220,,,,,,,
ITEM_0221,,,,,,,
ITEM_0222,,,,,,,
ITEM_0223,,,,,,,
ITEM_0224,,,,,,,
ITEM_0225,,,,,,,
ITEM_0226,,,,,,,
ITEM_0227,,,,,,,
ITEM_0228,,,,,,,
ITEM_0229,,,,,,,
ITEM_0230,,,,,,,
ITEM_0231,,,,,,,
ITEM_0232,,,,,,,
ITEM_0233,,,,,,,
ITEM_0234,,,,,,,
ITEM_0235,,,,,,,
ITEM_0236,,,,,,,
ITEM_0237,,,,,,,
ITEM_0238,,,,,,,
ITEM_0239,,,,,,,
ITEM_0240,,,,,,,
ITEM_0241,,,,,,,
ITEM_0242,,,,,,,
ITEM_0243,,,,,,,
ITEM_0244,,,,,,,
ITEM_0245,,,,,,,
ITEM_0246,,,,,,,
ITEM_0247,,,,,,,
ITEM_0248,,,,,,,
ITEM_0249,,,,,,,
ITEM_0250,,,,,,,
ITEM_0251,,,,,,,
ITEM_0252,,,,,,,
ITEM_0253,,,,,,,
ITEM_0254,,,,,,,
ITEM_0255,,,,,,,
ITEM_0256,,,,,,,
ITEM_0257,,,,,,,
ITEM_0258,,,,,,,
ITEM_0259,,,,,,,
ITEM_0260,,,,,,,
ITEM_0261,,,,,,,
ITEM_0262,,,,,,,
ITEM_0263,,,,,,,
ITEM_0264,,,,,,,
ITEM_0265,,,,,,,
ITEM_0266,,,,,,,
ITEM_0267,,,,,,,
ITEM_0268,,,,,,,
ITEM_0269,,,,,,,
ITEM_0270,,,,,,,
ITEM_0271,,,,,,,
ITEM_0272,,,,,,,
ITEM_0273,,,,,,,
ITEM_0274,,,,,,,
ITEM_0275,,,,,,,
ITEM_0276,,,,,,,
ITEM_0277,,,,,,,
ITEM_0278,,,,,,,
ITEM_0279,,,,,,,
ITEM_0280,,,,,,,
ITEM_0281,,,,,,,
ITEM_0282,,,,,,,
ITEM_0283,,,,,,,
ITEM_0284,,,,,,,
ITEM_0285,,,,,,,
ITEM_0286,,,,,,,
ITEM_0287,,,,,,,
ITEM_0288,,,,,,,
ITEM_0289,,,,,,,
ITEM_0290,,,,,,,
ITEM_0291,,,,,,,
ITEM_0292,,,,,,,
ITEM_0293,,,,,,,
ITEM_0294,,,,,,,
ITEM_0295,,,,,,,
ITEM_0296,,,,,,,
ITEM_0297,,,,,,,
ITEM_0298,,,,,,,
ITEM_0299,,,,,,,
ITEM_0300,,,,,,,
ITEM_0301,,,,,,,
ITEM_0302,,,,,,,
ITEM_0303,,,,,,,
ITEM_0304,,,,,,,
ITEM_0305,,,,,,,
ITEM_0306,,,,,,,
ITEM_0307,,,,,,,
ITEM_0308,,,,,,,
ITEM_0309,,,,,,,
ITEM_0310,,,,,,,
ITEM_0311,,,,,,,
ITEM_0312,,,,,,,
ITEM_0313,,,,,,,
ITEM_0314,,,,,,,
ITEM_0315,,,,,,,
ITEM_0316,,,,,,,
ITEM_0317,,,,,,,
ITEM_0318,,,,,,,
ITEM_0319,,,,,,,
ITEM_0320,,,,,,,
ITEM_0321,,,,,,,
ITEM_0322,,,,,,,
ITEM_0323,,,,,,,
ITEM_0324,,,,,,,
ITEM_0325,,,,,,,
ITEM_0326,,,,,,,
ITEM_0327,,,,,,,
ITEM_0328,,,,,,,
ITEM_0329,,,,,,,
ITEM_0330,,,,,,,
ITEM_0331,,,,,,,
ITEM_0332,,,,,,,
ITEM_0333,,,,,,,
ITEM_0334,,,,,,,
ITEM_0335,,,,,,,
ITEM_0336,,,,,,,
ITEM_0337,,,,,,,
ITEM_0338,,,,,,,
ITEM_0339,,,,,,,
ITEM_0340,,,,,,,
ITEM_0341,,,,,,,
ITEM_0342,,,,,,,
ITEM_0343,,,,,,,
ITEM_0344,,,,,,,
ITEM_0345,,,,,,,
ITEM_0346,,,,,,,
ITEM_0347,,,,,,,
ITEM_0348,,,,,,,
ITEM_0349,,,,,,,
ITEM_0350,,,,,,,
ITEM_0351,,,,,,,
ITEM_0352,,,,,,,
ITEM_0353,,,,,,,
ITEM_0354,,,,,,,
ITEM_0355,,,,,,,
ITEM_0356,,,,,,,
ITEM_0357,,,,,,,
ITEM_0358,,,,,,,
ITEM_0359,,,,,,,
ITEM_0360,,,,,,,
ITEM_0361,,,,,,,
ITEM_0362,,,,,,,
ITEM_0363,,,,,,,
ITEM_0364,,,,,,,
ITEM_0365,,,,,,,
ITEM_0366,,,,,,,
ITEM_0367,,,,,,,
ITEM_0368,,,,,,,
ITEM_0369,,,,,,,
ITEM_0370,,,,,,,
ITEM_0371,,,,,,,
ITEM_0372,,,,,,,
ITEM_0373,,,,,,,
ITEM_0374,,,,,,,
ITEM_0375,,,,,,,
ITEM_0376,,,,,,,
ITEM_0377,,,,,,,
ITEM_0378,,,,,,,
ITEM_0379,,,,,,,
ITEM_0380,,,,,,,
ITEM_0381,,,,,,,
ITEM_0382,,,,,,,
ITEM_0383,,,,,,,
ITEM_0384,,,,,,,
ITEM_0385,,,,,,,
ITEM_0386,,,,,,,
ITEM_0387,,,,,,,
ITEM_0388,,,,,,,
ITEM_0389,,,,,,,
ITEM_0390,,,,,,,
ITEM_0391,,,,,,,
ITEM_0392,,,,,,,
ITEM_0393,,,,,,,
ITEM_0394,,,,,,,
ITEM_0395,,,,,,,
ITEM_0396,,,,,,,
ITEM_0397,,,,,,,
ITEM_0398,,,,,,,
ITEM_0399,,,,,,,
ITEM_0400,,,,,,,
ITEM_0401,,,,,,,
ITEM_0402,,,,,,,
ITEM_0403,,,,,,,
ITEM_0404,,,,,,,
ITEM_0405,,,,,,,
ITEM_0406,,,,,,,
ITEM_0407,,,,,,,
ITEM_0408,,,,,,,
ITEM_0409,,,,,,,
ITEM_0410,,,,,,,
ITEM_0411,,,,,,,
ITEM_0412,,,,,,,
ITEM_0413,,,,,,,
ITEM_0414,,,,,,,
ITEM_0415,,,,,,,
ITEM_0416,,,,,,,
ITEM_0417,,,,,,,
ITEM_0418,,,,,,,
ITEM_0419,,,,,,,
ITEM_0420,,,,,,,
ITEM_0421,,,,,,,
ITEM_0422,,,,,,,
ITEM_0423,,,,,,,
ITEM_0424,,,,,,,
ITEM_0425,,,,,,,
ITEM_0426,,,,,,,
ITEM_0427,,,,,,,
ITEM_0428,,,,,,,
ITEM_0429,,,,,,,
ITEM_0430,,,,,,,
ITEM_0431,,,,,,,
ITEM_0432,,,,,,,
ITEM_0433,,,,,,,
ITEM_0434,,,,,,,
ITEM_0435,,,,,,,
ITEM_0436,,,,,,,
ITEM_0437,,,,,,,
ITEM_0438,,,,,,,
ITEM_0439,,,,,,,
ITEM_0440,,,,,,,
ITEM_0441,,,,,,,
ITEM_0442,,,,,,,
ITEM_0443,,,,,,,
ITEM_0444,,,,,,,
ITEM_0445,,,,,,,
ITEM_0446,,,,,,,
ITEM_0447,,,,,,,
ITEM_0448,,,,,,,
ITEM_0449,,,,,,,
ITEM_0450,,,,,,,
ITEM_0451,,,,,,,
ITEM_0452,,,,,,,
ITEM_0453,,,,,,,
ITEM_0454,,,,,,,
ITEM_0455,,,,,,,
ITEM_0456,,,,,,,
ITEM_0457,,,,,,,
ITEM_0458,,,,,,,
ITEM_0459,,,,,,,
ITEM_0460,,,,,,,
ITEM_0461,,,,,,,
ITEM_0462,,,,,,,
ITEM_0463,,,,,,,
ITEM_0464,,,,,,,
ITEM_0465,,,,,,,
ITEM_0466,,,,,,,
ITEM_0467,,,,,,,
ITEM_0468,,,,,,,
ITEM_0469,,,,,,,
ITEM_0470,,,,,,,
ITEM_0471,,,,,,,
ITEM_0472,,,,,,,
ITEM_0473,,,,,,,
ITEM_0474,,,,,,,
ITEM_0475,,,,,,,
ITEM_0476,,,,,,,
ITEM_0477,,,,,,,
ITEM_0478,,,,,,,
ITEM_0479,,,,,,,
ITEM_0480,,,,,,,
ITEM_0481,,,,,,,
ITEM_0482,,,,,,,
ITEM_0483,,,,,,,
ITEM_0484,,,,,,,
ITEM_0485,,,,,,,
ITEM_0486,,,,,,,
ITEM_0487,,,,,,,
ITEM_0488,,,,,,,
ITEM_0489,,,,,,,
ITEM_0490,,,,,,,
ITEM_0491,,,,,,,
ITEM_0492,,,,,,,
ITEM_0493,,,,,,,
ITEM_0494,,,,,,,
ITEM_0495,,,,,,,
ITEM_0496,,,,,,,
ITEM_0497,,,,,,,
ITEM_0498,,,,,,,
ITEM_0499,,,,,,,
ITEM_0500,,,,,,,
ITEM_0501,,,,,,,
ITEM_0502,,,,,,,
ITEM_0503,,,,,,,
ITEM_0504,,,,,,,
ITEM_0505,,,,,,,
ITEM_0506,,,,,,,
ITEM_0507,,,,,,,
ITEM_0508,,,,,,,
ITEM_0509,,,,,,,
ITEM_0510,,,,,,,
ITEM_0511,,,,,,,
ITEM_0512,,,,,,,
ITEM_0513,,,,,,,
ITEM_0514,,,,,,,
ITEM_0515,,,,,,,
ITEM_0516,,,,,,,
ITEM_0517,,,,,,,
ITEM_0518,,,,,,,
ITEM_0519,,,,,,,
ITEM_0520,,,,,,,
ITEM_0521,,,,,,,
ITEM_0522,,,,,,,
ITEM_0523,,,,,,,
ITEM_0524,,,,,,,
ITEM_0525,,,,,,,
ITEM_0526,,,,,,,
ITEM_0527,,,,,,,
ITEM_0528,,,,,,,
ITEM_0529,,,,,,,
ITEM_0530,,,,,,,
ITEM_0531,,,,,,,
ITEM_0532,,,,,,,
ITEM_0533,,,,,,,
ITEM_0534,,,,,,,
ITEM_0535,,,,,,,
ITEM_0536,,,,,,,
ITEM_0537,,,,,,,
ITEM_0538,,,,,,,
ITEM_0539,,,,,,,
ITEM_0540,,,,,,,
ITEM_0541,,,,,,,
ITEM_0542,,,,,,,
ITEM_0543,,,,,,,
ITEM_0544,,,,,,,
ITEM_0545,,,,,,,
ITEM_0546,,,,,,,
ITEM_0547,,,,,,,
ITEM_0548,,,,,,,
ITEM_0549,,,,,,,
ITEM_0550,,,,,,,
ITEM_0551,,,,,,,
ITEM_0552,,,,,,,
ITEM_0553,,,,,,,
ITEM_0554,,,,,,,
ITEM_0555,,,,,,,
ITEM_0556,,,,,,,
ITEM_0557,,,,,,,
ITEM_0558,,,,,,,
ITEM_0559,,,,,,,
ITEM_0560,,,,,,,
ITEM_0561,,,,,,,
ITEM_0562,,,,,,,
ITEM_0563,,,,,,,
ITEM_0564,,,,,,,
ITEM_0565,,,,,,,
ITEM_0566,,,,,,,
ITEM_0567,,,,,,,
ITEM_0568,,,,,,,
ITEM_0569,,,,,,,
ITEM_0570,,,,,,,
ITEM_0571,,,,,,,
ITEM_0572,,,,,,,
ITEM_0573,,,,,,,
ITEM_0574,,,,,,,
ITEM_0575,,,,,,,
ITEM_0576,,,,,,,
ITEM_0577,,,,,,,
ITEM_0578,,,,,,,
ITEM_0579,,,,,,,
ITEM_0580,,,,,,,
ITEM_0581,,,,,,,
ITEM_0582,,,,,,,
ITEM_0583,,,,,,,
ITEM_0584,,,,,,,
ITEM_0585,,,,,,,
ITEM_0586,,,,,,,
ITEM_0587,,,,,,,
ITEM_0588,,,,,,,
ITEM_0589,,,,,,,
ITEM_0590,,,,,,,
ITEM_0591,,,,,,,
ITEM_0592,,,,,,,
ITEM_0593,,,,,,,
ITEM_0594,,,,,,,
ITEM_0595,,,,,,,
ITEM_0596,,,,,,,
ITEM_0597,,,,,,,
ITEM_0598,,,,,,,
ITEM_0599,,,,,,,
ITEM_0600,,,,,,,
ITEM_0601,,,,,,,
ITEM_0602,,,,,,,
ITEM_0603,,,,,,,
ITEM_0604,,,,,,,
ITEM_0605,,,,,,,
ITEM_0606,,,,,,,
ITEM_0607,,,,,,,
ITEM_0608,,,,,,,
ITEM_0609,,,,,,,
ITEM_0610,,,,,,,
ITEM_0611,,,,,,,
ITEM_0612,,,,,,,
ITEM_0613,,,,,,,
ITEM_0614,,,,,,,
ITEM_0615,,,,,,,
ITEM_0616,,,,,,,
ITEM_0617,,,,,,,
ITEM_0618,,,,,,,
ITEM_0619,,,,,,,
ITEM_0620,,,,,,,
ITEM_0621,,,,,,,
ITEM_0622,,,,,,,
ITEM_0623,,,,,,,
ITEM_0624,,,,,,,
ITEM_0625,,,,,,,
ITEM_0626,,,,,,,
ITEM_0627,,,,,,,
ITEM_0628,,,,,,,
ITEM_0629,,,,,,,
ITEM_0630,,,,,,,
ITEM_0631,,,,,,,
ITEM_0632,,,,,,,
ITEM_0633,,,,,,,
ITEM_0634,,,,,,,
ITEM_0635,,,,,,,
ITEM_0636,,,,,,,
ITEM_0637,,,,,,,
ITEM_0638,,,,,,,
ITEM_0639,,,,,,,
ITEM_0640,,,,,,,
ITEM_0641,,,,,,,
ITEM_0642,,,,,,,
ITEM_0643,,,,,,,
ITEM_0644,,,,,,,
ITEM_0645,,,,,,,
ITEM_0646,,,,,,,
ITEM_0647,,,,,,,
ITEM_0648,,,,,,,
ITEM_0649,,,,,,,
ITEM_0650,,,,,,,
ITEM_0651,,,,,,,
ITEM_0652,,,,,,,
ITEM_0653,,,,,,,
ITEM_0654,,,,,,,
ITEM_0655,,,,,,,
ITEM_0656,,,,,,,
ITEM_0657,,,,,,,
ITEM_0658,,,,,,,
ITEM_0659,,,,,,,
ITEM_0660,,,,,,,
ITEM_0661,,,,,,,
ITEM_0662,,,,,,,
ITEM_0663,,,,,,,
ITEM_0664,,,,,,,
ITEM_0665,,,,,,,
ITEM_0666,,,,,,,
ITEM_0667,,,,,,,
ITEM_0668,,,,,,,
ITEM_0669,,,,,,,
ITEM_0670,,,,,,,
ITEM_0671,,,,,,,
ITEM_0672,,,,,,,
ITEM_0673,,,,,,,
ITEM_0674,,,,,,,
ITEM_0675,,,,,,,
ITEM_0676,,,,,,,
ITEM_0677,,,,,,,
ITEM_0678,,,,,,,
ITEM_0679,,,,,,,
ITEM_0680,,,,,,,
ITEM_0681,,,,,,,
ITEM_0682,,,,,,,
ITEM_0683,,,,,,,
ITEM_0684,,,,,,,
ITEM_0685,,,,,,,
ITEM_0686,,,,,,,
ITEM_0687,,,,,,,
ITEM_0688,,,,,,,
ITEM_0689,,,,,,,
ITEM_0690,,,,,,,
ITEM_0691,,,,,,,
ITEM_0692,,,,,,,
ITEM_0693,,,,,,,
ITEM_0694,,,,,,,
ITEM_0695,,,,,,,
ITEM_0696,,,,,,,
ITEM_0697,,,,,,,
ITEM_0698,,,,,,,
ITEM_0699,,,,,,,
ITEM_0700,,,,,,,
ITEM_0701,,,,,,,
ITEM_0702,,,,,,,
ITEM_0703,,,,,,,
ITEM_0704,,,,,,,
ITEM_0705,,,,,,,
ITEM_0706,,,,,,,
ITEM_0707,,,,,,,
ITEM_0708,,,,,,,
ITEM_0709,,,,,,,
ITEM_0710,,,,,,,
ITEM_0711,,,,,,,
ITEM_0712,,,,,,,
ITEM_0713,,,,,,,
ITEM_0714,,,,,,,
ITEM_0715,,,,,,,
ITEM_0716,,,,,,,
ITEM_0717,,,,,,,
ITEM_0718,,,,,,,
ITEM_0719,,,,,,,
ITEM_0720,,,,,,,
ITEM_0721,,,,,,,
ITEM_0722,,,,,,,
ITEM_0723,,,,,,,
ITEM_0724,,,,,,,
ITEM_0725,,,,,,,
ITEM_0726,,,,,,,
ITEM_0727,,,,,,,
ITEM_0728,,,,,,,
ITEM_0729,,,,,,,
ITEM_0730,,,,,,,
ITEM_0731,,,,,,,
ITEM_0732,,,,,,,
ITEM_0733,,,,,,,
ITEM_0734,,,,,,,
ITEM_0735,,,,,,,
ITEM_0736,,,,,,,
ITEM_0737,,,,,,,
ITEM_0738,,,,,,,
ITEM_0739,,,,,,,
ITEM_0740,,,,,,,
ITEM_0741,,,,,,,
ITEM_0742,,,,,,,
ITEM_0743,,,,,,,
ITEM_0744,,,,,,,
ITEM_0745,,,,,,,
ITEM_0746,,,,,,,
ITEM_0747,,,,,,,
ITEM_0748,,,,,,,
ITEM_0749,,,,,,,
ITEM_0750,,,,,,,
ITEM_0751,,,,,,,
ITEM_0752,,,,,,,
ITEM_0753,,,,,,,
ITEM_0754,,,,,,,
ITEM_0755,,,,,,,
ITEM_0756,,,,,,,
ITEM_0757,,,,,,,
ITEM_0758,,,,,,,
ITEM_0759,,,,,,,
ITEM_0760,,,,,,,
ITEM_0761,,,,,,,
ITEM_0762,,,,,,,
ITEM_0763,,,,,,,
ITEM_0764,,,,,,,
ITEM_0765,,,,,,,
ITEM_0766,,,,,,,
ITEM_0767,,,,,,,
ITEM_0768,,,,,,,
ITEM_0769,,,,,,,
ITEM_0770,,,,,,,
ITEM_0771,,,,,,,
ITEM_0772,,,,,,,
ITEM_0773,,,,,,,
ITEM_0774,,,,,,,
ITEM_0775,,,,,,,
ITEM_0776,,,,,,,
ITEM_0777,,,,,,,
ITEM_0778,,,,,,,
ITEM_0779,,,,,,,
ITEM_0780,,,,,,,
ITEM_0781,,,,,,,
ITEM_0782,,,,,,,
ITEM_0783,,,,,,,
ITEM_0784,,,,,,,
ITEM_0785,,,,,,,
ITEM_0786,,,,,,,
ITEM_0787,,,,,,,
ITEM_0788,,,,,,,
ITEM_0789,,,,,,,
ITEM_0790,,,,,,,
ITEM_0791,,,,,,,
ITEM_0792,,,,,,,
ITEM_0793,,,,,,,
ITEM_0794,,,,,,,
ITEM_0795,,,,,,,
ITEM_0796,,,,,,,
ITEM_0797,,,,,,,
ITEM_0798,,,,,,,
ITEM_0799,,,,,,,
ITEM_0800,,,,,,,
ITEM_0801,,,,,,,
ITEM_0802,,,,,,,
ITEM_0803,,,,,,,
ITEM_0804,,,,,,,
ITEM_0805,,,,,,,
ITEM_0806,,,,,,,
ITEM_0807,,,,,,,
ITEM_0808,,,,,,,
ITEM_0809,,,,,,,
ITEM_0810,,,,,,,
ITEM_0811,,,,,,,
ITEM_0812,,,,,,,
ITEM_0813,,,,,,,
ITEM_0814,,,,,,,
ITEM_0815,,,,,,,
ITEM_0816,,,,,,,
ITEM_0817,,,,,,,
ITEM_0818,,,,,,,
ITEM_0819,,,,,,,
ITEM_0820,,,,,,,
ITEM_0821,,,,,,,
ITEM_0822,,,,,,,
ITEM_0823,,,,,,,
ITEM_0824,,,,,,,
ITEM_0825,,,,,,,
ITEM_0826,,,,,,,
ITEM_0827,,,,,,,
ITEM_0828,,,,,,,
ITEM_0829,,,,,,,
ITEM_0830,,,,,,,
ITEM_0831,,,,,,,
ITEM_0832,,,,,,,
ITEM_0833,,,,,,,
ITEM_0834,,,,,,,
ITEM_0835,,,,,,,
ITEM_0836,,,,,,,
ITEM_0837,,,,,,,
ITEM_0838,,,,,,,
ITEM_0839,,,,,,,
ITEM_0840,,,,,,,
ITEM_0841,,,,,,,
ITEM_0842,,,,,,,
ITEM_0843,,,,,,,
ITEM_0844,,,,,,,
ITEM_0845,,,,,,,
ITEM_0846,,,,,,,
ITEM_0847,,,,,,,
ITEM_0848,,,,,,,
ITEM_0849,,,,,,,
ITEM_0850,,,,,,,
ITEM_0851,,,,,,,
ITEM_0852,,,,,,,
ITEM_0853,,,,,,,
ITEM_0854,,,,,,,
ITEM_0855,,,,,,,
ITEM_0856,,,,,,,
ITEM_0857,,,,,,,
ITEM_0858,,,,,,,
ITEM_0859,,,,,,,
ITEM_0860,,,,,,,
ITEM_0861,,,,,,,
ITEM_0862,,,,,,,
ITEM_0863,,,,,,,
ITEM_0864,,,,,,,
ITEM_0865,,,,,,,
ITEM_0866,,,,,,,
ITEM_0867,,,,,,,
ITEM_0868,,,,,,,
ITEM_0869,,,,,,,
ITEM_0870,,,,,,,
ITEM_0871,,,,,,,
ITEM_0872,,,,,,,
ITEM_0873,,,,,,,
ITEM_0874,,,,,,,
ITEM_0875,,,,,,,
ITEM_0876,,,,,,,
ITEM_0877,,,,,,,
ITEM_0878,,,,,,,
ITEM_0879,,,,,,,
ITEM_0880,,,,,,,
ITEM_0881,,,,,,,
ITEM_0882,,,,,,,
ITEM_0883,,,,,,,
ITEM_0884,,,,,,,
ITEM_0885,,,,,,,
ITEM_0886,,,,,,,
ITEM_0887,,,,,,,
ITEM_0888,,,,,,,
ITEM_0889,,,,,,,
ITEM_0890,,,,,,,
ITEM_0891,,,,,,,
ITEM_0892,,,,,,,
ITEM_0893,,,,,,,
ITEM_0894,,,,,,,
ITEM_0895,,,,,,,
ITEM_0896,,,,,,,
ITEM_0897,,,,,,,
ITEM_0898,,,,,,,
ITEM_0899,,,,,,,
ITEM_0900,,,,,,,
ITEM_0901,,,,,,,
ITEM_0902,,,,,,,
ITEM_0903,,,,,,,
ITEM_0904,,,,,,,
ITEM_0905,,,,,,,
ITEM_0906,,,,,,,
ITEM_0907,,,,,,,
ITEM_0908,,,,,,,
ITEM_0909,,,,,,,
ITEM_0910,,,,,,,
ITEM_0911,,,,,,,
ITEM_0912,,,,,,,
ITEM_0913,,,,,,,
ITEM_0914,,,,,,,
ITEM_0915,,,,,,,
ITEM_0916,,,,,,,
ITEM_0917,,,,,,,
ITEM_0918,,,,,,,
ITEM_0919,,,,,,,
ITEM_0920,,,,,,,
ITEM_0921,,,,,,,
ITEM_0922,,,,,,,
ITEM_0923,,,,,,,
ITEM_0924,,,,,,,
ITEM_0925,,,,,,,
ITEM_0926,,,,,,,
ITEM_0927,,,,,,,
ITEM_0928,,,,,,,
ITEM_0929,,,,,,,
ITEM_0930,,,,,,,
ITEM_0931,,,,,,,
ITEM_0932,,,,,,,
ITEM_0933,,,,,,,
ITEM_0934,,,,,,,
ITEM_0935,,,,,,,
ITEM_0936,,,,,,,
ITEM_0937,,,,,,,
ITEM_0938,,,,,,,
ITEM_0939,,,,,,,
ITEM_0940,,,,,,,
ITEM_0941,,,,,,,
ITEM_0942,,,,,,,
ITEM_0943,,,,,,,
ITEM_0944,,,,,,,
ITEM_0945,,,,,,,
ITEM_0946,,,,,,,
ITEM_0947,,,,,,,
ITEM_0948,,,,,,,
ITEM_0949,,,,,,,
ITEM_0950,,,,,,,
ITEM_0951,,,,,,,
ITEM_0952,,,,,,,
ITEM_0953,,,,,,,
ITEM_0954,,,,,,,
ITEM_0955,,,,,,,
ITEM_0956,,,,,,,
ITEM_0957,,,,,,,
ITEM_0958,,,,,,,
ITEM_0959,,,,,,,
ITEM_0960,,,,,,,
ITEM_0961,,,,,,,
ITEM_0962,,,,,,,
ITEM_0963,,,,,,,
ITEM_0964,,,,,,,
ITEM_0965,,,,,,,
ITEM_0966,,,,,,,
ITEM_0967,,,,,,,
ITEM_0968,,,,,,,
ITEM_0969,,,,,,,
ITEM_0970,,,,,,,
ITEM_0971,,,,,,,
ITEM_0972,,,,,,,
ITEM_0973,,,,,,,
ITEM_0974,,,,,,,
ITEM_0975,,,,,,,
ITEM_0976,,,,,,,
ITEM_0977,,,,,,,
ITEM_0978,,,,,,,
ITEM_0979,,,,,,,
ITEM_0980,,,,,,,
ITEM_0981,,,,,,,
ITEM_0982,,,,,,,
ITEM_0983,,,,,,,
ITEM_0984,,,,,,,
ITEM_0985,,,,,,,
ITEM_0986,,,,,,,
ITEM_0987,,,,,,,
ITEM_0988,,,,,,,
ITEM_0989,,,,,,,
ITEM_0990,,,,,,,
ITEM_0991,,,,,,,
ITEM_0992,,,,,,,
ITEM_0993,,,,,,,
ITEM_0994,,,,,,,
ITEM_0995,,,,,,,
ITEM_0996,,,,,,,
ITEM_0997,,,,,,,
ITEM_0998,,,,,,,
ITEM_0999,,,,,,,
ITEM_1000,,,,,,,
ITEM_1001,,,,,,,
ITEM_1002,,,,,,,
ITEM_1003,,,,,,,
ITEM_1004,,,,,,,
ITEM_1005,,,,,,,
ITEM_1006,,,,,,,
ITEM_1007,,,,,,,
ITEM_1008,,,,,,,
ITEM_1009,,,,,,,
ITEM_1010,,,,,,,
ITEM_1011,,,,,,,
ITEM_1012,,,,,,,
ITEM_1013,,,,,,,
ITEM_1014,,,,,,,
ITEM_1015,,,,,,,
ITEM_1016,,,,,,,
ITEM_1017,,,,,,,
ITEM_1018,,,,,,,
ITEM_1019,,,,,,,
ITEM_1020,,,,,,,
ITEM_1021,,,,,,,
ITEM_1022,,,,,,,
ITEM_1023,,,,,,,
ITEM_1024,,,,,,,
ITEM_1025,,,,,,,
ITEM_1026,,,,,,,
ITEM_1027,,,,,,,
ITEM_1028,,,,,,,
ITEM_1029,,,,,,,
ITEM_1030,,,,,,,
ITEM_1031,,,,,,,
ITEM_1032,,,,,,,
ITEM_1033,,,,,,,
ITEM_1034,,,,,,,
ITEM_1035,,,,,,,
ITEM_1036,,,,,,,
ITEM_1037,,,,,,,
ITEM_1038,,,,,,,
ITEM_1039,,,,,,,
ITEM_1040,,,,,,,
ITEM_1041,,,,,,,
ITEM_1042,,,,,,,
ITEM_1043,,,,,,,
ITEM_1044,,,,,,,
ITEM_1045,,,,,,,
ITEM_1046,,,,,,,
ITEM_1047,,,,,,,
ITEM_1048,,,,,,,
ITEM_1049,,,,,,,
ITEM_1050,,,,,,,
ITEM_1051,,,,,,,
ITEM_1052,,,,,,,
ITEM_1053,,,,,,,
ITEM_1054,,,,,,,
ITEM_1055,,,,,,,
ITEM_1056,,,,,,,
ITEM_1057,,,,,,,
ITEM_1058,,,,,,,
ITEM_1059,,,,,,,
ITEM_1060,,,,,,,
ITEM_1061,,,,,,,
ITEM_1062,,,,,,,
ITEM_1063,,,,,,,
ITEM_1064,,,,,,,
ITEM_1065,,,,,,,
ITEM_1066,,,,,,,
ITEM_1067,,,,,,,
ITEM_1068,,,,,,,
ITEM_1069,,,,,,,
ITEM_1070,,,,,,,
ITEM_1071,,,,,,,
ITEM_1072,,,,,,,
ITEM_1073,,,,,,,
ITEM_1074,,,,,,,
ITEM_1075,,,,,,,
ITEM_1076,,,,,,,
ITEM_1077,,,,,,,
ITEM_1078,,,,,,,
ITEM_1079,,,,,,,
ITEM_1080,,,,,,,
ITEM_1081,,,,,,,
ITEM_1082,,,,,,,
ITEM_1083,,,,,,,
ITEM_1084,,,,,,,
ITEM_1085,,,,,,,
ITEM_1086,,,,,,,
ITEM_1087,,,,,,,
ITEM_1088,,,,,,,
ITEM_1089,,,,,,,
ITEM_1090,,,,,,,
ITEM_1091,,,,,,,
ITEM_1092,,,,,,,
ITEM_1093,,,,,,,
ITEM_1094,,,,,,,
ITEM_1095,,,,,,,
ITEM_1096,,,,,,,
ITEM_1097,,,,,,,
ITEM_1098,,,,,,,
ITEM_1099,,,,,,,
ITEM_1100,,,,,,,
ITEM_1101,,,,,,,
ITEM_1102,,,,,,,
ITEM_1103,,,,,,,
ITEM_1104,,,,,,,
ITEM_1105,,,,,,,
ITEM_1106,,,,,,,
ITEM_1107,,,,,,,
ITEM_1108,,,,,,,
ITEM_1109,,,,,,,
ITEM_1110,,,,,,,
ITEM_1111,,,,,,,
ITEM_1112,,,,,,,
ITEM_1113,,,,,,,
ITEM_1114,,,,,,,
ITEM_1115,,,,,,,
ITEM_1116,,,,,,,
ITEM_1117,,,,,,,
ITEM_1118,,,,,,,
ITEM_1119,,,,,,,
ITEM_1120,,,,,,,
ITEM_1121,,,,,,,
ITEM_1122,,,,,,,
ITEM_1123,,,,,,,
ITEM_1124,,,,,,,
ITEM_1125,,,,,,,
ITEM_1126,,,,,,,
ITEM_1127,,,,,,,
ITEM_1128,,,,,,,
ITEM_1129,,,,,,,
ITEM_1130,,,,,,,
ITEM_1131,,,,,,,
ITEM_1132,,,,,,,
ITEM_1133,,,,,,,
ITEM_1134,,,,,,,
ITEM_1135,,,,,,,
ITEM_1136,,,,,,,
ITEM_1137,,,,,,,
ITEM_1138,,,,,,,
ITEM_1139,,,,,,,
ITEM_1140,,,,,,,
ITEM_1141,,,,,,,
ITEM_1142,,,,,,,
ITEM_1143,,,,,,,
ITEM_1144,,,,,,,
ITEM_1145,,,,,,,
ITEM_1146,,,,,,,
ITEM_1147,,,,,,,
ITEM_1148,,,,,,,
ITEM_1149,,,,,,,
ITEM_1150,,,,,,,
ITEM_1151,,,,,,,
ITEM_1152,,,,,,,
ITEM_1153,,,,,,,
ITEM_1154,,,,,,,
ITEM_1155,,,,,,,
ITEM_1156,,,,,,,
ITEM_1157,,,,,,,
ITEM_1158,,,,,,,
ITEM_1159,,,,,,,
ITEM_1160,,,,,,,
ITEM_1161,,,,,,,
ITEM_1162,,,,,,,
ITEM_1163,,,,,,,
ITEM_1164,,,,,,,
ITEM_1165,,,,,,,
ITEM_1166,,,,,,,
ITEM_1167,,,,,,,
ITEM_1168,,,,,,,
ITEM_1169,,,,,,,
ITEM_1170,,,,,,,
ITEM_1171,,,,,,,
ITEM_1172,,,,,,,
ITEM_1173,,,,,,,
ITEM_1174,,,,,,,
ITEM_1175,,,,,,,
ITEM_1176,,,,,,,
ITEM_1177,,,,,,,
ITEM_1178,,,,,,,
ITEM_1179,,,,,,,
ITEM_1180,,,,,,,
ITEM_1181,,,,,,,
ITEM_1182,,,,,,,
ITEM_1183,,,,,,,
ITEM_1184,,,,,,,
ITEM_1185,,,,,,,
ITEM_1186,,,,,,,
ITEM_1187,,,,,,,
ITEM_1188,,,,,,,
ITEM_1189,,,,,,,
ITEM_1190,,,,,,,
ITEM_1191,,,,,,,
ITEM_1192,,,,,,,
ITEM_1193,,,,,,,
ITEM_1194,,,,,,,
ITEM_1195,,,,,,,
ITEM_1196,,,,,,,
ITEM_1197,,,,,,,
ITEM_1198,,,,,,,
ITEM_1199,,,,,,,
ITEM_1200,,,,,,,
ITEM_1201,,,,,,,
ITEM_1202,,,,,,,
ITEM_1203,,,,,,,
ITEM_1204,,,,,,,
ITEM_1205,,,,,,,
ITEM_1206,,,,,,,
ITEM_1207,,,,,,,
ITEM_1208,,,,,,,
ITEM_1209,,,,,,,
ITEM_1210,,,,,,,
ITEM_1211,,,,,,,
ITEM_1212,,,,,,,
ITEM_1213,,,,,,,
ITEM_1214,,,,,,,
ITEM_1215,,,,,,,
ITEM_1216,,,,,,,
ITEM_1217,,,,,,,
ITEM_1218,,,,,,,
ITEM_1219,,,,,,,
ITEM_1220,,,,,,,
ITEM_1221,,,,,,,
ITEM_1222,,,,,,,
ITEM_1223,,,,,,,
ITEM_1224,,,,,,,
ITEM_1225,,,,,,,
ITEM_1226,,,,,,,
ITEM_1227,,,,,,,
ITEM_1228,,,,,,,
ITEM_1229,,,,,,,
ITEM_1230,,,,,,,
ITEM_1231,,,,,,,
ITEM_1232,,,,,,,
ITEM_1233,,,,,,,
ITEM_1234,,,,,,,
ITEM_1235,,,,,,,
ITEM_1236,,,,,,,
ITEM_1237,,,,,,,
ITEM_1238,,,,,,,
ITEM_1239,,,,,,,
ITEM_1240,,,,,,,
ITEM_1241,,,,,,,
ITEM_1242,,,,,,,
ITEM_1243,,,,,,,
ITEM_1244,,,,,,,
ITEM_1245,,,,,,,
ITEM_1246,,,,,,,
ITEM_1247,,,,,,,
ITEM_1248,,,,,,,
ITEM_1249,,,,,,,
ITEM_1250,,,,,,,
ITEM_1251,,,,,,,
ITEM_1252,,,,,,,
ITEM_1253,,,,,,,
ITEM_1254,,,,,,,
ITEM_1255,,,,,,,
ITEM_1256,,,,,,,
ITEM_1257,,,,,,,
ITEM_1258,,,,,,,
ITEM_1259,,,,,,,
ITEM_1260,,,,,,,
ITEM_1261,,,,,,,
ITEM_1262,,,,,,,
ITEM_1263,,,,,,,
ITEM_1264,,,,,,,
ITEM_1265,,,,,,,
ITEM_1266,,,,,,,
ITEM_1267,,,,,,,
ITEM_1268,,,,,,,
ITEM_1269,,,,,,,
ITEM_1270,,,,,,,
ITEM_1271,,,,,,,
ITEM_1272,,,,,,,
ITEM_1273,,,,,,,
ITEM_1274,,,,,,,
ITEM_1275,,,,,,,
ITEM_1276,,,,,,,
ITEM_1277,,,,,,,
ITEM_1278,,,,,,,
ITEM_1279,,,,,,,
ITEM_1280,,,,,,,
ITEM_1281,,,,,,,
ITEM_1282,,,,,,,
ITEM_1283,,,,,,,
ITEM_1284,,,,,,,
ITEM_1285,,,,,,,
ITEM_1286,,,,,,,
ITEM_1287,,,,,,,
ITEM_1288,,,,,,,
ITEM_1289,,,,,,,
ITEM_1290,,,,,,,
ITEM_1291,,,,,,,
ITEM_1292,,,,,,,
ITEM_1293,,,,,,,
ITEM_1294,,,,,,,
ITEM_1295,,,,,,,
ITEM_1296,,,,,,,
ITEM_1297,,,,,,,
ITEM_1298,,,,,,,
ITEM_1299,,,,,,,
ITEM_1300,,,,,,,
ITEM_1301,,,,,,,
ITEM_1302,,,,,,,
ITEM_1303,,,,,,,
ITEM_1304,,,,,,,
ITEM_1305,,,,,,,
ITEM_1306,,,,,,,
ITEM_1307,,,,,,,
ITEM_1308,,,,,,,
ITEM_1309,,,,,,,
ITEM_1310,,,,,,,
ITEM_1311,,,,,,,
ITEM_1312,,,,,,,
ITEM_1313,,,,,,,
ITEM_1314,,,,,,,
ITEM_1315,,,,,,,
ITEM_1316,,,,,,,
ITEM_1317,,,,,,,
ITEM_1318,,,,,,,
ITEM_1319,,,,,,,
ITEM_1320,,,,,,,
ITEM_1321,,,,,,,
ITEM_1322,,,,,,,
ITEM_1323,,,,,,,
ITEM_1324,,,,,,,
ITEM_1325,,,,,,,
ITEM_1326,,,,,,,
ITEM_1327,,,,,,,
ITEM_1328,,,,,,,
ITEM_1329,,,,,,,
ITEM_1330,,,,,,,
ITEM_1331,,,,,,,
ITEM_1332,,,,,,,
ITEM_1333,,,,,,,
ITEM_1334,,,,,,,
ITEM_1335,,,,,,,
ITEM_1336,,,,,,,
ITEM_1337,,,,,,,
ITEM_1338,,,,,,,
ITEM_1339,,,,,,,
ITEM_1340,,,,,,,
ITEM_1341,,,,,,,
ITEM_1342,,,,,,,
ITEM_1343,,,,,,,
ITEM_1344,,,,,,,
ITEM_1345,,,,,,,
ITEM_1346,,,,,,,
ITEM_1347,,,,,,,
ITEM_1348,,,,,,,
ITEM_1349,,,,,,,
ITEM_1350,,,,,,,
ITEM_1351,,,,,,,
ITEM_1352,,,,,,,
ITEM_1353,,,,,,,
ITEM_1354,,,,,,,
ITEM_1355,,,,,,,
ITEM_1356,,,,,,,
ITEM_1357,,,,,,,
ITEM_1358,,,,,,,
ITEM_1359,,,,,,,
ITEM_1360,,,,,,,
ITEM_1361,,,,,,,
ITEM_1362,,,,,,,
ITEM_1363,,,,,,,
ITEM_1364,,,,,,,
ITEM_1365,,,,,,,
ITEM_1366,,,,,,,
ITEM_1367,,,,,,,
ITEM_1368,,,,,,,
ITEM_1369,,,,,,,
ITEM_1370,,,,,,,
ITEM_1371,,,,,,,
ITEM_1372,,,,,,,
ITEM_1373,,,,,,,
ITEM_1374,,,,,,,
ITEM_1375,,,,,,,
ITEM_1376,,,,,,,
ITEM_1377,,,,,,,
ITEM_1378,,,,,,,
ITEM_1379,,,,,,,
ITEM_1380,,,,,,,
ITEM_1381,,,,,,,
ITEM_1382,,,,,,,
ITEM_1383,,,,,,,
ITEM_1384,,,,,,,
ITEM_1385,,,,,,,
ITEM_1386,,,,,,,
ITEM_1387,,,,,,,
ITEM_1388,,,,,,,
ITEM_1389,,,,,,,
ITEM_1390,,,,,,,
ITEM_1391,,,,,,,
ITEM_1392,,,,,,,
ITEM_1393,,,,,,,
ITEM_1394,,,,,,,
ITEM_1395,,,,,,,
ITEM_1396,,,,,,,
ITEM_1397,,,,,,,
ITEM_1398,,,,,,,
ITEM_1399,,,,,,,
ITEM_1400,,,,,,,
