item_id,record_id_real,field,component
ITEM_0001,V25R021,closure,evidence_basis
ITEM_0002,V25R024,closure,evidence_basis
ITEM_0003,V25R017,follow_up,trace_coverage
ITEM_0004,V25R014,closure,date
ITEM_0005,V25R043,exposure,coverage
ITEM_0006,V25R076,exposure,unit
ITEM_0007,V25R005,closure,evidence_basis
ITEM_0008,V25R075,follow_up,exposure_qualified_observation
ITEM_0009,V25R048,exposure,eligibility
ITEM_0010,V25R035,follow_up,exposure_qualified_observation
ITEM_0011,V25R094,follow_up,owner
ITEM_0012,V25R098,closure,uncertainty
ITEM_0013,V25R058,closure,date
ITEM_0014,V25R057,closure,evidence_basis
ITEM_0015,V25R029,exposure,coverage
ITEM_0016,V25R051,follow_up,calendar_interval
ITEM_0017,V25R065,follow_up,calendar_interval
ITEM_0018,V25R071,closure,scope
ITEM_0019,V25R070,closure,scope
ITEM_0020,V25R024,closure,scope
ITEM_0021,V25R057,exposure,eligibility
ITEM_0022,V25R018,closure,owner
ITEM_0023,V25R064,closure,reopening_rule
ITEM_0024,V25R052,closure,evidence_basis
ITEM_0025,V25R029,closure,owner
ITEM_0026,V25R035,follow_up,calendar_interval
ITEM_0027,V25R007,closure,uncertainty
ITEM_0028,V25R025,closure,evidence_basis
ITEM_0029,V25R002,closure,owner
ITEM_0030,V25R063,follow_up,owner
ITEM_0031,V25R017,closure,owner
ITEM_0032,V25R018,exposure,time_origin
ITEM_0033,V25R005,follow_up,trace_coverage
ITEM_0034,V25R039,exposure,eligibility
ITEM_0035,V25R027,exposure,time_origin
ITEM_0036,V25R096,exposure,eligibility
ITEM_0037,V25R033,follow_up,trace_coverage
ITEM_0038,V25R076,exposure,eligibility
ITEM_0039,V25R003,closure,owner
ITEM_0040,V25R091,closure,owner
ITEM_0041,V25R080,exposure,time_origin
ITEM_0042,V25R005,closure,uncertainty
ITEM_0043,V25R012,closure,reopening_rule
ITEM_0044,V25R029,closure,reopening_rule
ITEM_0045,V25R053,exposure,time_origin
ITEM_0046,V25R031,follow_up,trace_coverage
ITEM_0047,V25R083,follow_up,trace_coverage
ITEM_0048,V25R097,closure,reopening_rule
ITEM_0049,V25R086,exposure,time_origin
ITEM_0050,V25R037,closure,date
ITEM_0051,V25R055,closure,evidence_basis
ITEM_0052,V25R015,exposure,time_origin
ITEM_0053,V25R064,exposure,unit
ITEM_0054,V25R020,exposure,coverage
ITEM_0055,V25R061,closure,scope
ITEM_0056,V25R062,follow_up,calendar_interval
ITEM_0057,V25R083,closure,owner
ITEM_0058,V25R059,follow_up,owner
ITEM_0059,V25R095,closure,date
ITEM_0060,V25R040,follow_up,trace_coverage
ITEM_0061,V25R019,closure,owner
ITEM_0062,V25R082,follow_up,exposure_qualified_observation
ITEM_0063,V25R015,follow_up,owner
ITEM_0064,V25R071,closure,uncertainty
ITEM_0065,V25R084,closure,scope
ITEM_0066,V25R054,closure,reopening_rule
ITEM_0067,V25R066,follow_up,calendar_interval
ITEM_0068,V25R012,closure,evidence_basis
ITEM_0069,V25R071,exposure,time_origin
ITEM_0070,V25R019,closure,reopening_rule
ITEM_0071,V25R042,exposure,coverage
ITEM_0072,V25R035,closure,date
ITEM_0073,V25R078,follow_up,exposure_qualified_observation
ITEM_0074,V25R035,closure,owner
ITEM_0075,V25R047,closure,uncertainty
ITEM_0076,V25R051,closure,evidence_basis
ITEM_0077,V25R046,exposure,eligibility
ITEM_0078,V25R083,follow_up,owner
ITEM_0079,V25R068,exposure,eligibility
ITEM_0080,V25R077,closure,evidence_basis
ITEM_0081,V25R062,closure,scope
ITEM_0082,V25R027,closure,scope
ITEM_0083,V25R085,follow_up,trace_coverage
ITEM_0084,V25R010,follow_up,owner
ITEM_0085,V25R030,exposure,time_origin
ITEM_0086,V25R096,follow_up,owner
ITEM_0087,V25R016,exposure,coverage
ITEM_0088,V25R080,follow_up,owner
ITEM_0089,V25R055,closure,uncertainty
ITEM_0090,V25R040,closure,evidence_basis
ITEM_0091,V25R080,follow_up,trace_coverage
ITEM_0092,V25R036,closure,scope
ITEM_0093,V25R076,closure,reopening_rule
ITEM_0094,V25R017,exposure,eligibility
ITEM_0095,V25R036,closure,owner
ITEM_0096,V25R097,exposure,coverage
ITEM_0097,V25R089,closure,evidence_basis
ITEM_0098,V25R005,follow_up,owner
ITEM_0099,V25R004,closure,reopening_rule
ITEM_0100,V25R069,follow_up,calendar_interval
ITEM_0101,V25R037,exposure,unit
ITEM_0102,V25R017,exposure,coverage
ITEM_0103,V25R084,closure,uncertainty
ITEM_0104,V25R025,exposure,coverage
ITEM_0105,V25R078,follow_up,trace_coverage
ITEM_0106,V25R030,follow_up,trace_coverage
ITEM_0107,V25R014,follow_up,trace_coverage
ITEM_0108,V25R077,follow_up,exposure_qualified_observation
ITEM_0109,V25R017,follow_up,calendar_interval
ITEM_0110,V25R026,closure,scope
ITEM_0111,V25R002,exposure,unit
ITEM_0112,V25R035,exposure,time_origin
ITEM_0113,V25R035,follow_up,owner
ITEM_0114,V25R080,closure,owner
ITEM_0115,V25R098,closure,scope
ITEM_0116,V25R034,follow_up,owner
ITEM_0117,V25R084,follow_up,exposure_qualified_observation
ITEM_0118,V25R040,follow_up,owner
ITEM_0119,V25R054,follow_up,owner
ITEM_0120,V25R070,closure,date
ITEM_0121,V25R092,closure,date
ITEM_0122,V25R043,follow_up,owner
ITEM_0123,V25R021,exposure,unit
ITEM_0124,V25R094,exposure,coverage
ITEM_0125,V25R007,follow_up,exposure_qualified_observation
ITEM_0126,V25R098,follow_up,trace_coverage
ITEM_0127,V25R091,exposure,unit
ITEM_0128,V25R041,exposure,coverage
ITEM_0129,V25R081,exposure,unit
ITEM_0130,V25R013,closure,uncertainty
ITEM_0131,V25R003,follow_up,calendar_interval
ITEM_0132,V25R063,closure,reopening_rule
ITEM_0133,V25R010,closure,scope
ITEM_0134,V25R061,exposure,time_origin
ITEM_0135,V25R024,exposure,time_origin
ITEM_0136,V25R043,follow_up,trace_coverage
ITEM_0137,V25R063,closure,uncertainty
ITEM_0138,V25R095,follow_up,trace_coverage
ITEM_0139,V25R020,closure,date
ITEM_0140,V25R004,closure,date
ITEM_0141,V25R070,follow_up,trace_coverage
ITEM_0142,V25R076,follow_up,calendar_interval
ITEM_0143,V25R044,follow_up,trace_coverage
ITEM_0144,V25R080,exposure,coverage
ITEM_0145,V25R045,exposure,time_origin
ITEM_0146,V25R049,exposure,eligibility
ITEM_0147,V25R001,closure,scope
ITEM_0148,V25R092,exposure,unit
ITEM_0149,V25R086,closure,date
ITEM_0150,V25R062,exposure,eligibility
ITEM_0151,V25R056,closure,reopening_rule
ITEM_0152,V25R039,exposure,time_origin
ITEM_0153,V25R056,closure,evidence_basis
ITEM_0154,V25R020,closure,reopening_rule
ITEM_0155,V25R100,closure,owner
ITEM_0156,V25R086,follow_up,trace_coverage
ITEM_0157,V25R041,closure,uncertainty
ITEM_0158,V25R078,closure,evidence_basis
ITEM_0159,V25R076,closure,uncertainty
ITEM_0160,V25R038,follow_up,trace_coverage
ITEM_0161,V25R089,exposure,eligibility
ITEM_0162,V25R039,closure,date
ITEM_0163,V25R056,follow_up,trace_coverage
ITEM_0164,V25R050,exposure,coverage
ITEM_0165,V25R010,follow_up,calendar_interval
ITEM_0166,V25R080,follow_up,calendar_interval
ITEM_0167,V25R060,follow_up,owner
ITEM_0168,V25R077,closure,scope
ITEM_0169,V25R032,exposure,coverage
ITEM_0170,V25R086,closure,reopening_rule
ITEM_0171,V25R034,closure,owner
ITEM_0172,V25R012,closure,owner
ITEM_0173,V25R040,closure,scope
ITEM_0174,V25R003,closure,date
ITEM_0175,V25R062,closure,owner
ITEM_0176,V25R027,closure,date
ITEM_0177,V25R065,exposure,time_origin
ITEM_0178,V25R029,follow_up,owner
ITEM_0179,V25R077,closure,uncertainty
ITEM_0180,V25R069,exposure,unit
ITEM_0181,V25R060,closure,owner
ITEM_0182,V25R087,exposure,unit
ITEM_0183,V25R014,closure,reopening_rule
ITEM_0184,V25R004,closure,evidence_basis
ITEM_0185,V25R045,closure,scope
ITEM_0186,V25R013,closure,reopening_rule
ITEM_0187,V25R010,exposure,eligibility
ITEM_0188,V25R077,follow_up,owner
ITEM_0189,V25R085,closure,uncertainty
ITEM_0190,V25R037,follow_up,exposure_qualified_observation
ITEM_0191,V25R020,follow_up,calendar_interval
ITEM_0192,V25R062,closure,reopening_rule
ITEM_0193,V25R020,follow_up,owner
ITEM_0194,V25R054,exposure,unit
ITEM_0195,V25R048,exposure,unit
ITEM_0196,V25R041,follow_up,exposure_qualified_observation
ITEM_0197,V25R014,follow_up,calendar_interval
ITEM_0198,V25R068,closure,uncertainty
ITEM_0199,V25R086,closure,owner
ITEM_0200,V25R053,closure,uncertainty
ITEM_0201,V25R055,follow_up,exposure_qualified_observation
ITEM_0202,V25R056,exposure,unit
ITEM_0203,V25R040,closure,owner
ITEM_0204,V25R036,closure,uncertainty
ITEM_0205,V25R075,closure,reopening_rule
ITEM_0206,V25R039,closure,evidence_basis
ITEM_0207,V25R023,exposure,coverage
ITEM_0208,V25R054,exposure,time_origin
ITEM_0209,V25R053,closure,reopening_rule
ITEM_0210,V25R007,exposure,unit
ITEM_0211,V25R066,follow_up,owner
ITEM_0212,V25R047,follow_up,trace_coverage
ITEM_0213,V25R074,closure,reopening_rule
ITEM_0214,V25R075,closure,date
ITEM_0215,V25R078,exposure,coverage
ITEM_0216,V25R020,closure,evidence_basis
ITEM_0217,V25R063,closure,owner
ITEM_0218,V25R043,closure,uncertainty
ITEM_0219,V25R037,closure,reopening_rule
ITEM_0220,V25R023,closure,scope
ITEM_0221,V25R081,closure,reopening_rule
ITEM_0222,V25R027,follow_up,trace_coverage
ITEM_0223,V25R093,exposure,eligibility
ITEM_0224,V25R071,follow_up,exposure_qualified_observation
ITEM_0225,V25R025,follow_up,calendar_interval
ITEM_0226,V25R046,exposure,unit
ITEM_0227,V25R003,follow_up,trace_coverage
ITEM_0228,V25R010,follow_up,exposure_qualified_observation
ITEM_0229,V25R049,exposure,coverage
ITEM_0230,V25R008,exposure,unit
ITEM_0231,V25R032,closure,owner
ITEM_0232,V25R001,exposure,eligibility
ITEM_0233,V25R085,closure,owner
ITEM_0234,V25R083,follow_up,calendar_interval
ITEM_0235,V25R040,exposure,time_origin
ITEM_0236,V25R007,closure,owner
ITEM_0237,V25R083,follow_up,exposure_qualified_observation
ITEM_0238,V25R065,closure,evidence_basis
ITEM_0239,V25R099,closure,date
ITEM_0240,V25R012,closure,date
ITEM_0241,V25R059,exposure,time_origin
ITEM_0242,V25R096,closure,date
ITEM_0243,V25R013,exposure,eligibility
ITEM_0244,V25R058,closure,uncertainty
ITEM_0245,V25R064,closure,owner
ITEM_0246,V25R067,closure,scope
ITEM_0247,V25R083,closure,uncertainty
ITEM_0248,V25R016,closure,scope
ITEM_0249,V25R046,closure,scope
ITEM_0250,V25R040,closure,reopening_rule
ITEM_0251,V25R073,closure,owner
ITEM_0252,V25R061,exposure,eligibility
ITEM_0253,V25R034,closure,scope
ITEM_0254,V25R076,exposure,time_origin
ITEM_0255,V25R079,exposure,unit
ITEM_0256,V25R092,follow_up,owner
ITEM_0257,V25R026,follow_up,owner
ITEM_0258,V25R019,closure,uncertainty
ITEM_0259,V25R097,closure,owner
ITEM_0260,V25R041,closure,date
ITEM_0261,V25R009,exposure,eligibility
ITEM_0262,V25R027,closure,evidence_basis
ITEM_0263,V25R033,follow_up,exposure_qualified_observation
ITEM_0264,V25R090,closure,uncertainty
ITEM_0265,V25R062,follow_up,exposure_qualified_observation
ITEM_0266,V25R031,exposure,coverage
ITEM_0267,V25R014,follow_up,exposure_qualified_observation
ITEM_0268,V25R017,follow_up,exposure_qualified_observation
ITEM_0269,V25R054,closure,date
ITEM_0270,V25R001,closure,reopening_rule
ITEM_0271,V25R054,exposure,coverage
ITEM_0272,V25R063,exposure,time_origin
ITEM_0273,V25R009,closure,uncertainty
ITEM_0274,V25R072,closure,reopening_rule
ITEM_0275,V25R022,exposure,eligibility
ITEM_0276,V25R008,closure,scope
ITEM_0277,V25R097,exposure,unit
ITEM_0278,V25R058,closure,scope
ITEM_0279,V25R078,follow_up,owner
ITEM_0280,V25R001,exposure,coverage
ITEM_0281,V25R049,closure,uncertainty
ITEM_0282,V25R007,closure,reopening_rule
ITEM_0283,V25R029,follow_up,exposure_qualified_observation
ITEM_0284,V25R026,closure,reopening_rule
ITEM_0285,V25R091,closure,scope
ITEM_0286,V25R069,closure,scope
ITEM_0287,V25R019,closure,scope
ITEM_0288,V25R052,closure,scope
ITEM_0289,V25R087,follow_up,calendar_interval
ITEM_0290,V25R027,closure,reopening_rule
ITEM_0291,V25R071,exposure,eligibility
ITEM_0292,V25R040,follow_up,calendar_interval
ITEM_0293,V25R079,follow_up,exposure_qualified_observation
ITEM_0294,V25R100,exposure,time_origin
ITEM_0295,V25R022,exposure,unit
ITEM_0296,V25R073,closure,date
ITEM_0297,V25R064,closure,scope
ITEM_0298,V25R100,follow_up,owner
ITEM_0299,V25R048,closure,date
ITEM_0300,V25R099,exposure,time_origin
ITEM_0301,V25R031,closure,uncertainty
ITEM_0302,V25R056,closure,uncertainty
ITEM_0303,V25R056,follow_up,exposure_qualified_observation
ITEM_0304,V25R025,exposure,eligibility
ITEM_0305,V25R042,closure,reopening_rule
ITEM_0306,V25R095,closure,owner
ITEM_0307,V25R052,exposure,eligibility
ITEM_0308,V25R053,follow_up,exposure_qualified_observation
ITEM_0309,V25R059,follow_up,calendar_interval
ITEM_0310,V25R001,follow_up,exposure_qualified_observation
ITEM_0311,V25R094,follow_up,calendar_interval
ITEM_0312,V25R029,closure,date
ITEM_0313,V25R091,follow_up,exposure_qualified_observation
ITEM_0314,V25R081,exposure,coverage
ITEM_0315,V25R019,follow_up,exposure_qualified_observation
ITEM_0316,V25R007,exposure,time_origin
ITEM_0317,V25R047,exposure,time_origin
ITEM_0318,V25R064,follow_up,exposure_qualified_observation
ITEM_0319,V25R056,closure,date
ITEM_0320,V25R013,closure,date
ITEM_0321,V25R099,closure,uncertainty
ITEM_0322,V25R037,follow_up,trace_coverage
ITEM_0323,V25R040,exposure,unit
ITEM_0324,V25R019,follow_up,trace_coverage
ITEM_0325,V25R075,exposure,time_origin
ITEM_0326,V25R008,closure,evidence_basis
ITEM_0327,V25R052,closure,owner
ITEM_0328,V25R069,follow_up,owner
ITEM_0329,V25R086,closure,evidence_basis
ITEM_0330,V25R096,closure,evidence_basis
ITEM_0331,V25R017,follow_up,owner
ITEM_0332,V25R053,follow_up,owner
ITEM_0333,V25R030,follow_up,exposure_qualified_observation
ITEM_0334,V25R082,closure,reopening_rule
ITEM_0335,V25R046,closure,reopening_rule
ITEM_0336,V25R030,closure,evidence_basis
ITEM_0337,V25R006,follow_up,trace_coverage
ITEM_0338,V25R005,follow_up,calendar_interval
ITEM_0339,V25R081,exposure,time_origin
ITEM_0340,V25R026,closure,uncertainty
ITEM_0341,V25R047,closure,evidence_basis
ITEM_0342,V25R008,closure,uncertainty
ITEM_0343,V25R017,exposure,unit
ITEM_0344,V25R093,follow_up,exposure_qualified_observation
ITEM_0345,V25R002,exposure,eligibility
ITEM_0346,V25R095,closure,evidence_basis
ITEM_0347,V25R027,follow_up,calendar_interval
ITEM_0348,V25R050,exposure,unit
ITEM_0349,V25R002,exposure,coverage
ITEM_0350,V25R100,closure,scope
ITEM_0351,V25R044,closure,reopening_rule
ITEM_0352,V25R089,closure,owner
ITEM_0353,V25R067,closure,uncertainty
ITEM_0354,V25R001,follow_up,owner
ITEM_0355,V25R074,exposure,eligibility
ITEM_0356,V25R055,closure,owner
ITEM_0357,V25R079,follow_up,owner
ITEM_0358,V25R070,exposure,coverage
ITEM_0359,V25R016,closure,uncertainty
ITEM_0360,V25R054,closure,uncertainty
ITEM_0361,V25R031,follow_up,owner
ITEM_0362,V25R019,follow_up,calendar_interval
ITEM_0363,V25R061,exposure,unit
ITEM_0364,V25R052,closure,date
ITEM_0365,V25R088,exposure,time_origin
ITEM_0366,V25R042,exposure,unit
ITEM_0367,V25R091,closure,reopening_rule
ITEM_0368,V25R069,closure,date
ITEM_0369,V25R030,follow_up,owner
ITEM_0370,V25R011,closure,date
ITEM_0371,V25R065,exposure,coverage
ITEM_0372,V25R100,closure,uncertainty
ITEM_0373,V25R058,follow_up,owner
ITEM_0374,V25R037,exposure,time_origin
ITEM_0375,V25R019,exposure,time_origin
ITEM_0376,V25R057,exposure,unit
ITEM_0377,V25R088,closure,uncertainty
ITEM_0378,V25R051,exposure,coverage
ITEM_0379,V25R018,closure,evidence_basis
ITEM_0380,V25R005,exposure,time_origin
ITEM_0381,V25R051,closure,owner
ITEM_0382,V25R048,follow_up,calendar_interval
ITEM_0383,V25R016,follow_up,calendar_interval
ITEM_0384,V25R008,exposure,coverage
ITEM_0385,V25R078,closure,date
ITEM_0386,V25R075,closure,evidence_basis
ITEM_0387,V25R081,closure,uncertainty
ITEM_0388,V25R050,follow_up,calendar_interval
ITEM_0389,V25R062,exposure,coverage
ITEM_0390,V25R058,exposure,unit
ITEM_0391,V25R075,follow_up,owner
ITEM_0392,V25R015,follow_up,exposure_qualified_observation
ITEM_0393,V25R065,follow_up,trace_coverage
ITEM_0394,V25R075,follow_up,calendar_interval
ITEM_0395,V25R006,closure,date
ITEM_0396,V25R045,follow_up,owner
ITEM_0397,V25R003,follow_up,exposure_qualified_observation
ITEM_0398,V25R044,closure,evidence_basis
ITEM_0399,V25R028,exposure,time_origin
ITEM_0400,V25R085,closure,reopening_rule
ITEM_0401,V25R049,closure,evidence_basis
ITEM_0402,V25R036,closure,evidence_basis
ITEM_0403,V25R094,follow_up,exposure_qualified_observation
ITEM_0404,V25R018,follow_up,trace_coverage
ITEM_0405,V25R043,follow_up,exposure_qualified_observation
ITEM_0406,V25R014,closure,owner
ITEM_0407,V25R005,exposure,eligibility
ITEM_0408,V25R077,exposure,coverage
ITEM_0409,V25R093,follow_up,owner
ITEM_0410,V25R041,closure,reopening_rule
ITEM_0411,V25R021,closure,date
ITEM_0412,V25R051,exposure,time_origin
ITEM_0413,V25R004,closure,owner
ITEM_0414,V25R059,exposure,coverage
ITEM_0415,V25R067,follow_up,trace_coverage
ITEM_0416,V25R055,closure,reopening_rule
ITEM_0417,V25R058,follow_up,trace_coverage
ITEM_0418,V25R066,closure,evidence_basis
ITEM_0419,V25R040,exposure,eligibility
ITEM_0420,V25R031,follow_up,calendar_interval
ITEM_0421,V25R010,closure,uncertainty
ITEM_0422,V25R069,exposure,time_origin
ITEM_0423,V25R100,follow_up,exposure_qualified_observation
ITEM_0424,V25R048,closure,owner
ITEM_0425,V25R025,closure,owner
ITEM_0426,V25R007,closure,evidence_basis
ITEM_0427,V25R001,closure,owner
ITEM_0428,V25R079,exposure,time_origin
ITEM_0429,V25R038,exposure,unit
ITEM_0430,V25R036,closure,reopening_rule
ITEM_0431,V25R090,follow_up,exposure_qualified_observation
ITEM_0432,V25R040,follow_up,exposure_qualified_observation
ITEM_0433,V25R027,closure,uncertainty
ITEM_0434,V25R045,closure,reopening_rule
ITEM_0435,V25R032,follow_up,owner
ITEM_0436,V25R071,closure,owner
ITEM_0437,V25R032,closure,evidence_basis
ITEM_0438,V25R026,exposure,unit
ITEM_0439,V25R025,follow_up,trace_coverage
ITEM_0440,V25R022,closure,reopening_rule
ITEM_0441,V25R006,closure,scope
ITEM_0442,V25R093,exposure,time_origin
ITEM_0443,V25R062,closure,evidence_basis
ITEM_0444,V25R076,closure,evidence_basis
ITEM_0445,V25R074,exposure,time_origin
ITEM_0446,V25R006,follow_up,exposure_qualified_observation
ITEM_0447,V25R011,exposure,time_origin
ITEM_0448,V25R059,closure,scope
ITEM_0449,V25R080,closure,uncertainty
ITEM_0450,V25R073,closure,uncertainty
ITEM_0451,V25R014,closure,uncertainty
ITEM_0452,V25R072,exposure,unit
ITEM_0453,V25R092,closure,evidence_basis
ITEM_0454,V25R010,closure,evidence_basis
ITEM_0455,V25R028,closure,reopening_rule
ITEM_0456,V25R055,exposure,eligibility
ITEM_0457,V25R099,follow_up,calendar_interval
ITEM_0458,V25R067,follow_up,owner
ITEM_0459,V25R082,closure,scope
ITEM_0460,V25R053,follow_up,calendar_interval
ITEM_0461,V25R036,follow_up,trace_coverage
ITEM_0462,V25R005,exposure,unit
ITEM_0463,V25R043,closure,date
ITEM_0464,V25R065,closure,date
ITEM_0465,V25R030,closure,date
ITEM_0466,V25R038,closure,uncertainty
ITEM_0467,V25R062,follow_up,trace_coverage
ITEM_0468,V25R092,exposure,eligibility
ITEM_0469,V25R096,closure,scope
ITEM_0470,V25R051,closure,scope
ITEM_0471,V25R065,follow_up,owner
ITEM_0472,V25R083,closure,reopening_rule
ITEM_0473,V25R017,closure,scope
ITEM_0474,V25R026,exposure,time_origin
ITEM_0475,V25R006,closure,owner
ITEM_0476,V25R052,closure,uncertainty
ITEM_0477,V25R069,exposure,coverage
ITEM_0478,V25R052,closure,reopening_rule
ITEM_0479,V25R066,exposure,time_origin
ITEM_0480,V25R011,follow_up,owner
ITEM_0481,V25R091,closure,evidence_basis
ITEM_0482,V25R039,follow_up,calendar_interval
ITEM_0483,V25R061,follow_up,exposure_qualified_observation
ITEM_0484,V25R026,follow_up,trace_coverage
ITEM_0485,V25R062,closure,date
ITEM_0486,V25R048,closure,uncertainty
ITEM_0487,V25R064,exposure,eligibility
ITEM_0488,V25R082,closure,uncertainty
ITEM_0489,V25R016,closure,date
ITEM_0490,V25R092,closure,owner
ITEM_0491,V25R087,closure,scope
ITEM_0492,V25R014,exposure,time_origin
ITEM_0493,V25R009,closure,scope
ITEM_0494,V25R053,exposure,unit
ITEM_0495,V25R041,closure,scope
ITEM_0496,V25R070,exposure,eligibility
ITEM_0497,V25R085,follow_up,exposure_qualified_observation
ITEM_0498,V25R096,closure,owner
ITEM_0499,V25R018,closure,scope
ITEM_0500,V25R032,follow_up,trace_coverage
ITEM_0501,V25R071,closure,date
ITEM_0502,V25R016,follow_up,owner
ITEM_0503,V25R059,exposure,unit
ITEM_0504,V25R082,exposure,unit
ITEM_0505,V25R007,closure,date
ITEM_0506,V25R068,closure,date
ITEM_0507,V25R087,closure,evidence_basis
ITEM_0508,V25R022,follow_up,exposure_qualified_observation
ITEM_0509,V25R039,follow_up,exposure_qualified_observation
ITEM_0510,V25R050,closure,owner
ITEM_0511,V25R039,closure,owner
ITEM_0512,V25R006,follow_up,owner
ITEM_0513,V25R053,exposure,coverage
ITEM_0514,V25R068,closure,reopening_rule
ITEM_0515,V25R006,exposure,eligibility
ITEM_0516,V25R018,follow_up,calendar_interval
ITEM_0517,V25R099,closure,evidence_basis
ITEM_0518,V25R049,exposure,time_origin
ITEM_0519,V25R018,closure,date
ITEM_0520,V25R044,closure,date
ITEM_0521,V25R099,exposure,eligibility
ITEM_0522,V25R099,closure,scope
ITEM_0523,V25R030,exposure,eligibility
ITEM_0524,V25R037,exposure,eligibility
ITEM_0525,V25R085,closure,date
ITEM_0526,V25R018,exposure,unit
ITEM_0527,V25R066,closure,date
ITEM_0528,V25R014,follow_up,owner
ITEM_0529,V25R021,follow_up,calendar_interval
ITEM_0530,V25R084,exposure,coverage
ITEM_0531,V25R068,follow_up,owner
ITEM_0532,V25R076,follow_up,exposure_qualified_observation
ITEM_0533,V25R082,exposure,eligibility
ITEM_0534,V25R077,exposure,unit
ITEM_0535,V25R009,exposure,coverage
ITEM_0536,V25R007,closure,scope
ITEM_0537,V25R066,closure,owner
ITEM_0538,V25R039,exposure,unit
ITEM_0539,V25R042,closure,uncertainty
ITEM_0540,V25R015,closure,date
ITEM_0541,V25R034,follow_up,exposure_qualified_observation
ITEM_0542,V25R074,follow_up,calendar_interval
ITEM_0543,V25R086,follow_up,calendar_interval
ITEM_0544,V25R055,exposure,time_origin
ITEM_0545,V25R023,follow_up,owner
ITEM_0546,V25R091,exposure,coverage
ITEM_0547,V25R100,follow_up,trace_coverage
ITEM_0548,V25R078,closure,reopening_rule
ITEM_0549,V25R067,exposure,unit
ITEM_0550,V25R098,closure,date
ITEM_0551,V25R070,follow_up,owner
ITEM_0552,V25R021,closure,scope
ITEM_0553,V25R032,closure,uncertainty
ITEM_0554,V25R046,closure,date
ITEM_0555,V25R093,exposure,unit
ITEM_0556,V25R044,closure,uncertainty
ITEM_0557,V25R094,closure,reopening_rule
ITEM_0558,V25R087,exposure,time_origin
ITEM_0559,V25R037,closure,evidence_basis
ITEM_0560,V25R029,closure,scope
ITEM_0561,V25R096,closure,reopening_rule
ITEM_0562,V25R015,follow_up,trace_coverage
ITEM_0563,V25R001,closure,evidence_basis
ITEM_0564,V25R045,follow_up,calendar_interval
ITEM_0565,V25R094,closure,date
ITEM_0566,V25R034,closure,date
ITEM_0567,V25R090,closure,owner
ITEM_0568,V25R015,closure,scope
ITEM_0569,V25R021,closure,owner
ITEM_0570,V25R015,exposure,coverage
ITEM_0571,V25R045,closure,evidence_basis
ITEM_0572,V25R033,follow_up,calendar_interval
ITEM_0573,V25R092,follow_up,trace_coverage
ITEM_0574,V25R019,follow_up,owner
ITEM_0575,V25R050,closure,reopening_rule
ITEM_0576,V25R042,closure,owner
ITEM_0577,V25R092,exposure,time_origin
ITEM_0578,V25R003,closure,evidence_basis
ITEM_0579,V25R029,follow_up,trace_coverage
ITEM_0580,V25R073,exposure,eligibility
ITEM_0581,V25R011,follow_up,trace_coverage
ITEM_0582,V25R069,exposure,eligibility
ITEM_0583,V25R005,closure,reopening_rule
ITEM_0584,V25R024,closure,uncertainty
ITEM_0585,V25R027,exposure,unit
ITEM_0586,V25R098,closure,reopening_rule
ITEM_0587,V25R070,exposure,time_origin
ITEM_0588,V25R078,closure,owner
ITEM_0589,V25R005,closure,scope
ITEM_0590,V25R045,closure,date
ITEM_0591,V25R034,follow_up,calendar_interval
ITEM_0592,V25R047,exposure,coverage
ITEM_0593,V25R024,follow_up,exposure_qualified_observation
ITEM_0594,V25R026,follow_up,calendar_interval
ITEM_0595,V25R074,closure,uncertainty
ITEM_0596,V25R041,exposure,eligibility
ITEM_0597,V25R002,follow_up,exposure_qualified_observation
ITEM_0598,V25R050,closure,evidence_basis
ITEM_0599,V25R003,closure,uncertainty
ITEM_0600,V25R046,closure,evidence_basis
ITEM_0601,V25R034,closure,evidence_basis
ITEM_0602,V25R052,follow_up,calendar_interval
ITEM_0603,V25R044,exposure,coverage
ITEM_0604,V25R008,closure,reopening_rule
ITEM_0605,V25R028,follow_up,owner
ITEM_0606,V25R037,closure,owner
ITEM_0607,V25R090,exposure,time_origin
ITEM_0608,V25R045,closure,owner
ITEM_0609,V25R019,exposure,coverage
ITEM_0610,V25R092,exposure,coverage
ITEM_0611,V25R024,follow_up,calendar_interval
ITEM_0612,V25R030,closure,uncertainty
ITEM_0613,V25R080,closure,evidence_basis
ITEM_0614,V25R020,exposure,unit
ITEM_0615,V25R039,follow_up,owner
ITEM_0616,V25R098,follow_up,owner
ITEM_0617,V25R002,closure,evidence_basis
ITEM_0618,V25R066,follow_up,trace_coverage
ITEM_0619,V25R088,exposure,coverage
ITEM_0620,V25R023,follow_up,exposure_qualified_observation
ITEM_0621,V25R011,follow_up,calendar_interval
ITEM_0622,V25R083,exposure,coverage
ITEM_0623,V25R029,closure,evidence_basis
ITEM_0624,V25R099,follow_up,trace_coverage
ITEM_0625,V25R094,follow_up,trace_coverage
ITEM_0626,V25R007,follow_up,trace_coverage
ITEM_0627,V25R033,follow_up,owner
ITEM_0628,V25R073,follow_up,calendar_interval
ITEM_0629,V25R096,exposure,unit
ITEM_0630,V25R066,exposure,unit
ITEM_0631,V25R029,follow_up,calendar_interval
ITEM_0632,V25R002,follow_up,calendar_interval
ITEM_0633,V25R021,exposure,coverage
ITEM_0634,V25R018,follow_up,owner
ITEM_0635,V25R098,exposure,unit
ITEM_0636,V25R028,closure,owner
ITEM_0637,V25R076,closure,scope
ITEM_0638,V25R038,closure,evidence_basis
ITEM_0639,V25R089,exposure,unit
ITEM_0640,V25R004,closure,scope
ITEM_0641,V25R045,follow_up,trace_coverage
ITEM_0642,V25R058,exposure,eligibility
ITEM_0643,V25R048,follow_up,owner
ITEM_0644,V25R084,follow_up,trace_coverage
ITEM_0645,V25R039,exposure,coverage
ITEM_0646,V25R061,exposure,coverage
ITEM_0647,V25R048,closure,evidence_basis
ITEM_0648,V25R011,closure,scope
ITEM_0649,V25R046,exposure,time_origin
ITEM_0650,V25R001,closure,date
ITEM_0651,V25R042,closure,evidence_basis
ITEM_0652,V25R031,closure,evidence_basis
ITEM_0653,V25R027,follow_up,exposure_qualified_observation
ITEM_0654,V25R068,closure,evidence_basis
ITEM_0655,V25R100,exposure,unit
ITEM_0656,V25R060,exposure,unit
ITEM_0657,V25R067,closure,date
ITEM_0658,V25R073,exposure,unit
ITEM_0659,V25R003,exposure,unit
ITEM_0660,V25R034,follow_up,trace_coverage
ITEM_0661,V25R073,follow_up,owner
ITEM_0662,V25R004,exposure,coverage
ITEM_0663,V25R038,exposure,time_origin
ITEM_0664,V25R094,exposure,time_origin
ITEM_0665,V25R014,closure,scope
ITEM_0666,V25R013,follow_up,exposure_qualified_observation
ITEM_0667,V25R041,closure,owner
ITEM_0668,V25R021,follow_up,trace_coverage
ITEM_0669,V25R063,exposure,unit
ITEM_0670,V25R050,follow_up,owner
ITEM_0671,V25R011,exposure,unit
ITEM_0672,V25R012,exposure,eligibility
ITEM_0673,V25R040,exposure,coverage
ITEM_0674,V25R077,closure,reopening_rule
ITEM_0675,V25R050,closure,uncertainty
ITEM_0676,V25R065,exposure,unit
ITEM_0677,V25R098,exposure,time_origin
ITEM_0678,V25R070,exposure,unit
ITEM_0679,V25R087,exposure,eligibility
ITEM_0680,V25R032,exposure,time_origin
ITEM_0681,V25R059,closure,date
ITEM_0682,V25R033,exposure,coverage
ITEM_0683,V25R051,exposure,unit
ITEM_0684,V25R011,closure,uncertainty
ITEM_0685,V25R064,follow_up,owner
ITEM_0686,V25R071,follow_up,calendar_interval
ITEM_0687,V25R036,follow_up,calendar_interval
ITEM_0688,V25R002,follow_up,trace_coverage
ITEM_0689,V25R034,exposure,coverage
ITEM_0690,V25R070,closure,reopening_rule
ITEM_0691,V25R071,follow_up,owner
ITEM_0692,V25R024,exposure,unit
ITEM_0693,V25R021,exposure,eligibility
ITEM_0694,V25R073,follow_up,trace_coverage
ITEM_0695,V25R030,exposure,coverage
ITEM_0696,V25R043,closure,owner
ITEM_0697,V25R066,closure,scope
ITEM_0698,V25R068,follow_up,exposure_qualified_observation
ITEM_0699,V25R095,follow_up,calendar_interval
ITEM_0700,V25R023,exposure,unit
ITEM_0701,V25R075,follow_up,trace_coverage
ITEM_0702,V25R080,exposure,eligibility
ITEM_0703,V25R036,exposure,coverage
ITEM_0704,V25R007,exposure,eligibility
ITEM_0705,V25R054,follow_up,exposure_qualified_observation
ITEM_0706,V25R090,closure,reopening_rule
ITEM_0707,V25R008,exposure,eligibility
ITEM_0708,V25R082,exposure,coverage
ITEM_0709,V25R082,follow_up,owner
ITEM_0710,V25R031,exposure,eligibility
ITEM_0711,V25R076,closure,date
ITEM_0712,V25R098,closure,owner
ITEM_0713,V25R090,exposure,coverage
ITEM_0714,V25R087,closure,uncertainty
ITEM_0715,V25R013,exposure,time_origin
ITEM_0716,V25R074,closure,date
ITEM_0717,V25R034,closure,reopening_rule
ITEM_0718,V25R022,follow_up,owner
ITEM_0719,V25R093,closure,date
ITEM_0720,V25R026,follow_up,exposure_qualified_observation
ITEM_0721,V25R077,closure,date
ITEM_0722,V25R033,closure,date
ITEM_0723,V25R084,closure,owner
ITEM_0724,V25R007,exposure,coverage
ITEM_0725,V25R044,exposure,time_origin
ITEM_0726,V25R086,closure,scope
ITEM_0727,V25R051,follow_up,owner
ITEM_0728,V25R098,closure,evidence_basis
ITEM_0729,V25R066,exposure,eligibility
ITEM_0730,V25R072,closure,evidence_basis
ITEM_0731,V25R057,closure,uncertainty
ITEM_0732,V25R033,closure,reopening_rule
ITEM_0733,V25R005,closure,owner
ITEM_0734,V25R060,exposure,time_origin
ITEM_0735,V25R003,closure,reopening_rule
ITEM_0736,V25R092,follow_up,exposure_qualified_observation
ITEM_0737,V25R095,exposure,unit
ITEM_0738,V25R081,closure,evidence_basis
ITEM_0739,V25R073,closure,evidence_basis
ITEM_0740,V25R063,closure,evidence_basis
ITEM_0741,V25R020,closure,uncertainty
ITEM_0742,V25R058,closure,reopening_rule
ITEM_0743,V25R028,follow_up,calendar_interval
ITEM_0744,V25R031,exposure,unit
ITEM_0745,V25R099,exposure,unit
ITEM_0746,V25R020,closure,scope
ITEM_0747,V25R040,closure,uncertainty
ITEM_0748,V25R024,exposure,eligibility
ITEM_0749,V25R010,follow_up,trace_coverage
ITEM_0750,V25R020,follow_up,exposure_qualified_observation
ITEM_0751,V25R069,follow_up,trace_coverage
ITEM_0752,V25R004,follow_up,trace_coverage
ITEM_0753,V25R015,follow_up,calendar_interval
ITEM_0754,V25R011,follow_up,exposure_qualified_observation
ITEM_0755,V25R005,closure,date
ITEM_0756,V25R088,follow_up,owner
ITEM_0757,V25R085,follow_up,calendar_interval
ITEM_0758,V25R049,exposure,unit
ITEM_0759,V25R052,follow_up,owner
ITEM_0760,V25R015,exposure,eligibility
ITEM_0761,V25R081,follow_up,trace_coverage
ITEM_0762,V25R032,closure,scope
ITEM_0763,V25R086,exposure,eligibility
ITEM_0764,V25R057,closure,date
ITEM_0765,V25R028,follow_up,exposure_qualified_observation
ITEM_0766,V25R067,follow_up,exposure_qualified_observation
ITEM_0767,V25R091,exposure,time_origin
ITEM_0768,V25R042,closure,scope
ITEM_0769,V25R061,closure,reopening_rule
ITEM_0770,V25R084,exposure,eligibility
ITEM_0771,V25R099,closure,owner
ITEM_0772,V25R084,exposure,unit
ITEM_0773,V25R085,closure,evidence_basis
ITEM_0774,V25R015,closure,uncertainty
ITEM_0775,V25R027,exposure,coverage
ITEM_0776,V25R041,follow_up,calendar_interval
ITEM_0777,V25R057,closure,reopening_rule
ITEM_0778,V25R008,follow_up,exposure_qualified_observation
ITEM_0779,V25R063,exposure,coverage
ITEM_0780,V25R039,follow_up,trace_coverage
ITEM_0781,V25R096,follow_up,exposure_qualified_observation
ITEM_0782,V25R052,follow_up,exposure_qualified_observation
ITEM_0783,V25R096,follow_up,calendar_interval
ITEM_0784,V25R089,closure,date
ITEM_0785,V25R100,closure,evidence_basis
ITEM_0786,V25R061,closure,date
ITEM_0787,V25R042,follow_up,trace_coverage
ITEM_0788,V25R072,closure,date
ITEM_0789,V25R099,follow_up,owner
ITEM_0790,V25R037,exposure,coverage
ITEM_0791,V25R068,follow_up,calendar_interval
ITEM_0792,V25R094,closure,uncertainty
ITEM_0793,V25R075,exposure,unit
ITEM_0794,V25R020,closure,owner
ITEM_0795,V25R066,follow_up,exposure_qualified_observation
ITEM_0796,V25R017,closure,evidence_basis
ITEM_0797,V25R046,exposure,coverage
ITEM_0798,V25R097,closure,date
ITEM_0799,V25R095,closure,scope
ITEM_0800,V25R012,follow_up,exposure_qualified_observation
ITEM_0801,V25R090,follow_up,owner
ITEM_0802,V25R003,follow_up,owner
ITEM_0803,V25R084,follow_up,calendar_interval
ITEM_0804,V25R018,closure,reopening_rule
ITEM_0805,V25R077,exposure,eligibility
ITEM_0806,V25R069,closure,evidence_basis
ITEM_0807,V25R002,closure,uncertainty
ITEM_0808,V25R079,follow_up,trace_coverage
ITEM_0809,V25R070,closure,uncertainty
ITEM_0810,V25R046,closure,uncertainty
ITEM_0811,V25R088,exposure,eligibility
ITEM_0812,V25R016,closure,evidence_basis
ITEM_0813,V25R047,follow_up,exposure_qualified_observation
ITEM_0814,V25R060,closure,scope
ITEM_0815,V25R086,exposure,coverage
ITEM_0816,V25R012,exposure,time_origin
ITEM_0817,V25R081,closure,scope
ITEM_0818,V25R092,follow_up,calendar_interval
ITEM_0819,V25R005,exposure,coverage
ITEM_0820,V25R067,closure,owner
ITEM_0821,V25R090,exposure,unit
ITEM_0822,V25R032,follow_up,exposure_qualified_observation
ITEM_0823,V25R088,closure,scope
ITEM_0824,V25R058,exposure,coverage
ITEM_0825,V25R069,closure,reopening_rule
ITEM_0826,V25R072,exposure,coverage
ITEM_0827,V25R079,follow_up,calendar_interval
ITEM_0828,V25R092,closure,reopening_rule
ITEM_0829,V25R055,exposure,coverage
ITEM_0830,V25R030,closure,scope
ITEM_0831,V25R008,closure,date
ITEM_0832,V25R052,exposure,unit
ITEM_0833,V25R084,closure,reopening_rule
ITEM_0834,V25R059,closure,reopening_rule
ITEM_0835,V25R022,closure,scope
ITEM_0836,V25R081,follow_up,exposure_qualified_observation
ITEM_0837,V25R068,exposure,unit
ITEM_0838,V25R090,follow_up,calendar_interval
ITEM_0839,V25R055,follow_up,trace_coverage
ITEM_0840,V25R052,follow_up,trace_coverage
ITEM_0841,V25R035,exposure,coverage
ITEM_0842,V25R060,closure,reopening_rule
ITEM_0843,V25R040,closure,date
ITEM_0844,V25R097,follow_up,calendar_interval
ITEM_0845,V25R024,closure,owner
ITEM_0846,V25R095,exposure,time_origin
ITEM_0847,V25R060,follow_up,calendar_interval
ITEM_0848,V25R009,follow_up,trace_coverage
ITEM_0849,V25R088,closure,owner
ITEM_0850,V25R095,follow_up,owner
ITEM_0851,V25R048,exposure,time_origin
ITEM_0852,V25R041,follow_up,trace_coverage
ITEM_0853,V25R018,closure,uncertainty
ITEM_0854,V25R024,exposure,coverage
ITEM_0855,V25R085,closure,scope
ITEM_0856,V25R087,closure,reopening_rule
ITEM_0857,V25R023,closure,date
ITEM_0858,V25R078,exposure,eligibility
ITEM_0859,V25R010,closure,reopening_rule
ITEM_0860,V25R093,closure,evidence_basis
ITEM_0861,V25R058,follow_up,calendar_interval
ITEM_0862,V25R044,exposure,unit
ITEM_0863,V25R021,follow_up,owner
ITEM_0864,V25R049,closure,reopening_rule
ITEM_0865,V25R055,closure,date
ITEM_0866,V25R069,follow_up,exposure_qualified_observation
ITEM_0867,V25R027,closure,owner
ITEM_0868,V25R036,follow_up,exposure_qualified_observation
ITEM_0869,V25R017,closure,date
ITEM_0870,V25R035,exposure,unit
ITEM_0871,V25R054,follow_up,trace_coverage
ITEM_0872,V25R008,exposure,time_origin
ITEM_0873,V25R037,closure,scope
ITEM_0874,V25R016,follow_up,exposure_qualified_observation
ITEM_0875,V25R042,follow_up,owner
ITEM_0876,V25R084,closure,evidence_basis
ITEM_0877,V25R012,follow_up,owner
ITEM_0878,V25R027,exposure,eligibility
ITEM_0879,V25R089,follow_up,trace_coverage
ITEM_0880,V25R044,exposure,eligibility
ITEM_0881,V25R091,closure,date
ITEM_0882,V25R047,closure,scope
ITEM_0883,V25R008,closure,owner
ITEM_0884,V25R051,closure,uncertainty
ITEM_0885,V25R002,exposure,time_origin
ITEM_0886,V25R020,exposure,time_origin
ITEM_0887,V25R088,follow_up,exposure_qualified_observation
ITEM_0888,V25R083,exposure,time_origin
ITEM_0889,V25R056,exposure,time_origin
ITEM_0890,V25R075,closure,owner
ITEM_0891,V25R072,closure,uncertainty
ITEM_0892,V25R046,follow_up,owner
ITEM_0893,V25R041,exposure,time_origin
ITEM_0894,V25R077,follow_up,calendar_interval
ITEM_0895,V25R083,closure,scope
ITEM_0896,V25R049,follow_up,exposure_qualified_observation
ITEM_0897,V25R054,closure,scope
ITEM_0898,V25R045,exposure,eligibility
ITEM_0899,V25R026,exposure,eligibility
ITEM_0900,V25R051,exposure,eligibility
ITEM_0901,V25R001,exposure,time_origin
ITEM_0902,V25R022,exposure,time_origin
ITEM_0903,V25R089,follow_up,owner
ITEM_0904,V25R024,closure,reopening_rule
ITEM_0905,V25R067,follow_up,calendar_interval
ITEM_0906,V25R032,exposure,unit
ITEM_0907,V25R032,exposure,eligibility
ITEM_0908,V25R031,closure,scope
ITEM_0909,V25R024,follow_up,trace_coverage
ITEM_0910,V25R011,exposure,coverage
ITEM_0911,V25R006,exposure,time_origin
ITEM_0912,V25R088,closure,reopening_rule
ITEM_0913,V25R086,exposure,unit
ITEM_0914,V25R024,closure,date
ITEM_0915,V25R058,closure,evidence_basis
ITEM_0916,V25R009,closure,reopening_rule
ITEM_0917,V25R095,closure,reopening_rule
ITEM_0918,V25R093,closure,scope
ITEM_0919,V25R009,closure,date
ITEM_0920,V25R082,closure,owner
ITEM_0921,V25R083,closure,evidence_basis
ITEM_0922,V25R087,exposure,coverage
ITEM_0923,V25R075,closure,uncertainty
ITEM_0924,V25R021,closure,reopening_rule
ITEM_0925,V25R091,closure,uncertainty
ITEM_0926,V25R090,closure,scope
ITEM_0927,V25R047,follow_up,owner
ITEM_0928,V25R038,closure,owner
ITEM_0929,V25R037,closure,uncertainty
ITEM_0930,V25R056,follow_up,calendar_interval
ITEM_0931,V25R010,closure,owner
ITEM_0932,V25R074,exposure,coverage
ITEM_0933,V25R042,follow_up,calendar_interval
ITEM_0934,V25R023,exposure,time_origin
ITEM_0935,V25R028,exposure,eligibility
ITEM_0936,V25R058,exposure,time_origin
ITEM_0937,V25R100,closure,date
ITEM_0938,V25R058,closure,owner
ITEM_0939,V25R090,exposure,eligibility
ITEM_0940,V25R070,closure,owner
ITEM_0941,V25R044,closure,scope
ITEM_0942,V25R096,follow_up,trace_coverage
ITEM_0943,V25R022,follow_up,trace_coverage
ITEM_0944,V25R014,exposure,eligibility
ITEM_0945,V25R100,exposure,coverage
ITEM_0946,V25R053,exposure,eligibility
ITEM_0947,V25R048,closure,reopening_rule
ITEM_0948,V25R034,exposure,time_origin
ITEM_0949,V25R050,exposure,eligibility
ITEM_0950,V25R028,exposure,unit
ITEM_0951,V25R060,exposure,eligibility
ITEM_0952,V25R025,follow_up,owner
ITEM_0953,V25R038,exposure,eligibility
ITEM_0954,V25R037,follow_up,owner
ITEM_0955,V25R065,follow_up,exposure_qualified_observation
ITEM_0956,V25R018,follow_up,exposure_qualified_observation
ITEM_0957,V25R094,closure,evidence_basis
ITEM_0958,V25R002,follow_up,owner
ITEM_0959,V25R022,follow_up,calendar_interval
ITEM_0960,V25R022,closure,evidence_basis
ITEM_0961,V25R013,follow_up,trace_coverage
ITEM_0962,V25R081,closure,date
ITEM_0963,V25R081,exposure,eligibility
ITEM_0964,V25R063,follow_up,calendar_interval
ITEM_0965,V25R035,closure,scope
ITEM_0966,V25R079,closure,date
ITEM_0967,V25R044,follow_up,exposure_qualified_observation
ITEM_0968,V25R042,follow_up,exposure_qualified_observation
ITEM_0969,V25R009,exposure,unit
ITEM_0970,V25R028,exposure,coverage
ITEM_0971,V25R028,follow_up,trace_coverage
ITEM_0972,V25R067,exposure,time_origin
ITEM_0973,V25R063,closure,date
ITEM_0974,V25R065,closure,uncertainty
ITEM_0975,V25R056,closure,owner
ITEM_0976,V25R071,follow_up,trace_coverage
ITEM_0977,V25R049,follow_up,calendar_interval
ITEM_0978,V25R030,closure,reopening_rule
ITEM_0979,V25R062,closure,uncertainty
ITEM_0980,V25R026,closure,evidence_basis
ITEM_0981,V25R048,closure,scope
ITEM_0982,V25R097,follow_up,owner
ITEM_0983,V25R089,exposure,time_origin
ITEM_0984,V25R078,closure,uncertainty
ITEM_0985,V25R061,follow_up,trace_coverage
ITEM_0986,V25R050,exposure,time_origin
ITEM_0987,V25R022,closure,uncertainty
ITEM_0988,V25R092,closure,uncertainty
ITEM_0989,V25R035,follow_up,trace_coverage
ITEM_0990,V25R036,follow_up,owner
ITEM_0991,V25R013,follow_up,owner
ITEM_0992,V25R030,closure,owner
ITEM_0993,V25R057,exposure,time_origin
ITEM_0994,V25R079,closure,uncertainty
ITEM_0995,V25R071,exposure,unit
ITEM_0996,V25R013,exposure,unit
ITEM_0997,V25R006,exposure,unit
ITEM_0998,V25R091,follow_up,trace_coverage
ITEM_0999,V25R059,closure,uncertainty
ITEM_1000,V25R064,closure,date
ITEM_1001,V25R089,follow_up,calendar_interval
ITEM_1002,V25R055,follow_up,owner
ITEM_1003,V25R078,exposure,unit
ITEM_1004,V25R073,closure,reopening_rule
ITEM_1005,V25R023,closure,owner
ITEM_1006,V25R023,follow_up,calendar_interval
ITEM_1007,V25R079,closure,scope
ITEM_1008,V25R061,closure,uncertainty
ITEM_1009,V25R016,exposure,unit
ITEM_1010,V25R095,follow_up,exposure_qualified_observation
ITEM_1011,V25R012,closure,uncertainty
ITEM_1012,V25R013,exposure,coverage
ITEM_1013,V25R059,follow_up,exposure_qualified_observation
ITEM_1014,V25R099,closure,reopening_rule
ITEM_1015,V25R060,follow_up,exposure_qualified_observation
ITEM_1016,V25R061,closure,owner
ITEM_1017,V25R054,exposure,eligibility
ITEM_1018,V25R038,follow_up,owner
ITEM_1019,V25R019,exposure,unit
ITEM_1020,V25R033,closure,evidence_basis
ITEM_1021,V25R006,follow_up,calendar_interval
ITEM_1022,V25R010,closure,date
ITEM_1023,V25R038,closure,scope
ITEM_1024,V25R049,closure,scope
ITEM_1025,V25R077,exposure,time_origin
ITEM_1026,V25R099,exposure,coverage
ITEM_1027,V25R068,follow_up,trace_coverage
ITEM_1028,V25R044,follow_up,owner
ITEM_1029,V25R099,follow_up,exposure_qualified_observation
ITEM_1030,V25R057,exposure,coverage
ITEM_1031,V25R065,exposure,eligibility
ITEM_1032,V25R031,follow_up,exposure_qualified_observation
ITEM_1033,V25R049,follow_up,owner
ITEM_1034,V25R087,closure,owner
ITEM_1035,V25R068,exposure,coverage
ITEM_1036,V25R008,follow_up,calendar_interval
ITEM_1037,V25R025,closure,reopening_rule
ITEM_1038,V25R093,exposure,coverage
ITEM_1039,V25R097,follow_up,exposure_qualified_observation
ITEM_1040,V25R010,exposure,time_origin
ITEM_1041,V25R083,exposure,unit
ITEM_1042,V25R059,exposure,eligibility
ITEM_1043,V25R091,follow_up,calendar_interval
ITEM_1044,V25R094,exposure,unit
ITEM_1045,V25R013,closure,owner
ITEM_1046,V25R077,follow_up,trace_coverage
ITEM_1047,V25R017,closure,uncertainty
ITEM_1048,V25R021,closure,uncertainty
ITEM_1049,V25R079,exposure,coverage
ITEM_1050,V25R098,exposure,eligibility
ITEM_1051,V25R057,closure,scope
ITEM_1052,V25R001,closure,uncertainty
ITEM_1053,V25R046,follow_up,calendar_interval
ITEM_1054,V25R082,follow_up,trace_coverage
ITEM_1055,V25R042,closure,date
ITEM_1056,V25R032,follow_up,calendar_interval
ITEM_1057,V25R070,closure,evidence_basis
ITEM_1058,V25R053,closure,scope
ITEM_1059,V25R096,exposure,time_origin
ITEM_1060,V25R033,exposure,unit
ITEM_1061,V25R051,follow_up,exposure_qualified_observation
ITEM_1062,V25R080,closure,scope
ITEM_1063,V25R053,follow_up,trace_coverage
ITEM_1064,V25R074,closure,owner
ITEM_1065,V25R059,closure,owner
ITEM_1066,V25R043,exposure,eligibility
ITEM_1067,V25R079,closure,reopening_rule
ITEM_1068,V25R071,closure,evidence_basis
ITEM_1069,V25R036,exposure,time_origin
ITEM_1070,V25R089,exposure,coverage
ITEM_1071,V25R001,follow_up,calendar_interval
ITEM_1072,V25R095,exposure,coverage
ITEM_1073,V25R031,closure,date
ITEM_1074,V25R085,exposure,time_origin
ITEM_1075,V25R029,closure,uncertainty
ITEM_1076,V25R059,closure,evidence_basis
ITEM_1077,V25R038,follow_up,exposure_qualified_observation
ITEM_1078,V25R082,follow_up,calendar_interval
ITEM_1079,V25R098,follow_up,calendar_interval
ITEM_1080,V25R071,exposure,coverage
ITEM_1081,V25R091,exposure,eligibility
ITEM_1082,V25R072,follow_up,owner
ITEM_1083,V25R091,follow_up,owner
ITEM_1084,V25R025,exposure,unit
ITEM_1085,V25R095,exposure,eligibility
ITEM_1086,V25R025,closure,date
ITEM_1087,V25R043,exposure,time_origin
ITEM_1088,V25R100,closure,reopening_rule
ITEM_1089,V25R047,exposure,eligibility
ITEM_1090,V25R043,closure,reopening_rule
ITEM_1091,V25R022,closure,owner
ITEM_1092,V25R005,follow_up,exposure_qualified_observation
ITEM_1093,V25R019,closure,date
ITEM_1094,V25R050,follow_up,trace_coverage
ITEM_1095,V25R030,exposure,unit
ITEM_1096,V25R047,closure,reopening_rule
ITEM_1097,V25R057,follow_up,exposure_qualified_observation
ITEM_1098,V25R023,closure,evidence_basis
ITEM_1099,V25R008,follow_up,trace_coverage
ITEM_1100,V25R073,closure,scope
ITEM_1101,V25R035,closure,reopening_rule
ITEM_1102,V25R049,closure,owner
ITEM_1103,V25R094,closure,scope
ITEM_1104,V25R088,closure,evidence_basis
ITEM_1105,V25R051,closure,reopening_rule
ITEM_1106,V25R002,closure,date
ITEM_1107,V25R011,closure,owner
ITEM_1108,V25R070,follow_up,calendar_interval
ITEM_1109,V25R010,exposure,coverage
ITEM_1110,V25R081,closure,owner
ITEM_1111,V25R053,closure,date
ITEM_1112,V25R045,exposure,unit
ITEM_1113,V25R064,closure,evidence_basis
ITEM_1114,V25R063,closure,scope
ITEM_1115,V25R009,closure,evidence_basis
ITEM_1116,V25R063,exposure,eligibility
ITEM_1117,V25R022,closure,date
ITEM_1118,V25R006,closure,reopening_rule
ITEM_1119,V25R027,follow_up,owner
ITEM_1120,V25R066,closure,reopening_rule
ITEM_1121,V25R039,closure,reopening_rule
ITEM_1122,V25R007,follow_up,owner
ITEM_1123,V25R012,exposure,coverage
ITEM_1124,V25R026,closure,date
ITEM_1125,V25R088,follow_up,calendar_interval
ITEM_1126,V25R033,closure,uncertainty
ITEM_1127,V25R017,closure,reopening_rule
ITEM_1128,V25R042,exposure,time_origin
ITEM_1129,V25R065,closure,reopening_rule
ITEM_1130,V25R035,exposure,eligibility
ITEM_1131,V25R013,closure,scope
ITEM_1132,V25R069,closure,uncertainty
ITEM_1133,V25R086,closure,uncertainty
ITEM_1134,V25R093,closure,uncertainty
ITEM_1135,V25R038,closure,date
ITEM_1136,V25R093,closure,reopening_rule
ITEM_1137,V25R011,closure,reopening_rule
ITEM_1138,V25R008,follow_up,owner
ITEM_1139,V25R048,follow_up,exposure_qualified_observation
ITEM_1140,V25R075,closure,scope
ITEM_1141,V25R054,follow_up,calendar_interval
ITEM_1142,V25R060,exposure,coverage
ITEM_1143,V25R004,exposure,eligibility
ITEM_1144,V25R029,exposure,time_origin
ITEM_1145,V25R034,exposure,eligibility
ITEM_1146,V25R028,closure,scope
ITEM_1147,V25R014,exposure,coverage
ITEM_1148,V25R046,follow_up,trace_coverage
ITEM_1149,V25R094,exposure,eligibility
ITEM_1150,V25R057,follow_up,calendar_interval
ITEM_1151,V25R073,follow_up,exposure_qualified_observation
ITEM_1152,V25R074,follow_up,owner
ITEM_1153,V25R023,closure,uncertainty
ITEM_1154,V25R093,closure,owner
ITEM_1155,V25R076,closure,owner
ITEM_1156,V25R026,closure,owner
ITEM_1157,V25R072,exposure,eligibility
ITEM_1158,V25R060,closure,uncertainty
ITEM_1159,V25R080,follow_up,exposure_qualified_observation
ITEM_1160,V25R097,exposure,time_origin
ITEM_1161,V25R074,exposure,unit
ITEM_1162,V25R025,closure,uncertainty
ITEM_1163,V25R020,exposure,eligibility
ITEM_1164,V25R063,follow_up,trace_coverage
ITEM_1165,V25R015,closure,reopening_rule
ITEM_1166,V25R003,exposure,time_origin
ITEM_1167,V25R097,closure,scope
ITEM_1168,V25R077,closure,owner
ITEM_1169,V25R016,exposure,eligibility
ITEM_1170,V25R012,follow_up,calendar_interval
ITEM_1171,V25R076,follow_up,trace_coverage
ITEM_1172,V25R024,follow_up,owner
ITEM_1173,V25R097,exposure,eligibility
ITEM_1174,V25R046,closure,owner
ITEM_1175,V25R004,follow_up,exposure_qualified_observation
ITEM_1176,V25R057,closure,owner
ITEM_1177,V25R072,exposure,time_origin
ITEM_1178,V25R050,closure,date
ITEM_1179,V25R090,closure,evidence_basis
ITEM_1180,V25R007,follow_up,calendar_interval
ITEM_1181,V25R067,closure,reopening_rule
ITEM_1182,V25R044,closure,owner
ITEM_1183,V25R078,follow_up,calendar_interval
ITEM_1184,V25R001,follow_up,trace_coverage
ITEM_1185,V25R060,follow_up,trace_coverage
ITEM_1186,V25R018,exposure,eligibility
ITEM_1187,V25R079,exposure,eligibility
ITEM_1188,V25R012,follow_up,trace_coverage
ITEM_1189,V25R079,closure,evidence_basis
ITEM_1190,V25R035,closure,uncertainty
ITEM_1191,V25R031,closure,reopening_rule
ITEM_1192,V25R029,exposure,unit
ITEM_1193,V25R068,closure,scope
ITEM_1194,V25R050,follow_up,exposure_qualified_observation
ITEM_1195,V25R062,exposure,time_origin
ITEM_1196,V25R054,closure,evidence_basis
ITEM_1197,V25R090,closure,date
ITEM_1198,V25R086,follow_up,owner
ITEM_1199,V25R015,closure,owner
ITEM_1200,V25R033,closure,owner
ITEM_1201,V25R049,follow_up,trace_coverage
ITEM_1202,V25R047,closure,date
ITEM_1203,V25R092,closure,scope
ITEM_1204,V25R036,exposure,unit
ITEM_1205,V25R064,closure,uncertainty
ITEM_1206,V25R011,exposure,eligibility
ITEM_1207,V25R034,exposure,unit
ITEM_1208,V25R088,closure,date
ITEM_1209,V25R080,closure,date
ITEM_1210,V25R062,exposure,unit
ITEM_1211,V25R070,follow_up,exposure_qualified_observation
ITEM_1212,V25R028,closure,uncertainty
ITEM_1213,V25R053,closure,owner
ITEM_1214,V25R034,closure,uncertainty
ITEM_1215,V25R030,follow_up,calendar_interval
ITEM_1216,V25R097,closure,uncertainty
ITEM_1217,V25R010,exposure,unit
ITEM_1218,V25R098,exposure,coverage
ITEM_1219,V25R042,exposure,eligibility
ITEM_1220,V25R061,follow_up,owner
ITEM_1221,V25R056,closure,scope
ITEM_1222,V25R047,closure,owner
ITEM_1223,V25R086,follow_up,exposure_qualified_observation
ITEM_1224,V25R015,closure,evidence_basis
ITEM_1225,V25R029,exposure,eligibility
ITEM_1226,V25R084,closure,date
ITEM_1227,V25R021,follow_up,exposure_qualified_observation
ITEM_1228,V25R095,closure,uncertainty
ITEM_1229,V25R085,exposure,eligibility
ITEM_1230,V25R003,closure,scope
ITEM_1231,V25R003,exposure,eligibility
ITEM_1232,V25R025,closure,scope
ITEM_1233,V25R047,follow_up,calendar_interval
ITEM_1234,V25R060,closure,date
ITEM_1235,V25R045,follow_up,exposure_qualified_observation
ITEM_1236,V25R043,exposure,unit
ITEM_1237,V25R083,closure,date
ITEM_1238,V25R064,exposure,time_origin
ITEM_1239,V25R038,exposure,coverage
ITEM_1240,V25R013,follow_up,calendar_interval
ITEM_1241,V25R088,exposure,unit
ITEM_1242,V25R084,follow_up,owner
ITEM_1243,V25R072,closure,scope
ITEM_1244,V25R023,closure,reopening_rule
ITEM_1245,V25R014,closure,evidence_basis
ITEM_1246,V25R023,follow_up,trace_coverage
ITEM_1247,V25R098,follow_up,exposure_qualified_observation
ITEM_1248,V25R019,exposure,eligibility
ITEM_1249,V25R050,closure,scope
ITEM_1250,V25R100,follow_up,calendar_interval
ITEM_1251,V25R035,closure,evidence_basis
ITEM_1252,V25R048,exposure,coverage
ITEM_1253,V25R057,follow_up,trace_coverage
ITEM_1254,V25R009,exposure,time_origin
ITEM_1255,V25R066,closure,uncertainty
ITEM_1256,V25R025,exposure,time_origin
ITEM_1257,V25R073,exposure,time_origin
ITEM_1258,V25R053,closure,evidence_basis
ITEM_1259,V25R057,follow_up,owner
ITEM_1260,V25R064,exposure,coverage
ITEM_1261,V25R064,follow_up,trace_coverage
ITEM_1262,V25R067,exposure,eligibility
ITEM_1263,V25R016,closure,owner
ITEM_1264,V25R056,follow_up,owner
ITEM_1265,V25R072,follow_up,trace_coverage
ITEM_1266,V25R052,exposure,coverage
ITEM_1267,V25R002,closure,scope
ITEM_1268,V25R043,follow_up,calendar_interval
ITEM_1269,V25R074,closure,scope
ITEM_1270,V25R009,follow_up,calendar_interval
ITEM_1271,V25R087,follow_up,owner
ITEM_1272,V25R078,exposure,time_origin
ITEM_1273,V25R012,closure,scope
ITEM_1274,V25R016,exposure,time_origin
ITEM_1275,V25R028,closure,evidence_basis
ITEM_1276,V25R083,exposure,eligibility
ITEM_1277,V25R038,closure,reopening_rule
ITEM_1278,V25R087,follow_up,exposure_qualified_observation
ITEM_1279,V25R032,closure,date
ITEM_1280,V25R014,exposure,unit
ITEM_1281,V25R074,follow_up,exposure_qualified_observation
ITEM_1282,V25R006,closure,uncertainty
ITEM_1283,V25R011,closure,evidence_basis
ITEM_1284,V25R051,closure,date
ITEM_1285,V25R045,exposure,coverage
ITEM_1286,V25R004,closure,uncertainty
ITEM_1287,V25R081,follow_up,owner
ITEM_1288,V25R089,closure,uncertainty
ITEM_1289,V25R094,closure,owner
ITEM_1290,V25R020,follow_up,trace_coverage
ITEM_1291,V25R076,exposure,coverage
ITEM_1292,V25R017,exposure,time_origin
ITEM_1293,V25R031,closure,owner
ITEM_1294,V25R089,closure,scope
ITEM_1295,V25R043,closure,scope
ITEM_1296,V25R015,exposure,unit
ITEM_1297,V25R004,exposure,time_origin
ITEM_1298,V25R044,follow_up,calendar_interval
ITEM_1299,V25R023,exposure,eligibility
ITEM_1300,V25R001,exposure,unit
ITEM_1301,V25R075,exposure,eligibility
ITEM_1302,V25R055,follow_up,calendar_interval
ITEM_1303,V25R059,follow_up,trace_coverage
ITEM_1304,V25R047,exposure,unit
ITEM_1305,V25R072,follow_up,exposure_qualified_observation
ITEM_1306,V25R037,follow_up,calendar_interval
ITEM_1307,V25R089,closure,reopening_rule
ITEM_1308,V25R016,closure,reopening_rule
ITEM_1309,V25R004,exposure,unit
ITEM_1310,V25R085,exposure,unit
ITEM_1311,V25R056,exposure,eligibility
ITEM_1312,V25R045,closure,uncertainty
ITEM_1313,V25R078,closure,scope
ITEM_1314,V25R009,closure,owner
ITEM_1315,V25R055,closure,scope
ITEM_1316,V25R033,exposure,eligibility
ITEM_1317,V25R072,closure,owner
ITEM_1318,V25R032,closure,reopening_rule
ITEM_1319,V25R071,closure,reopening_rule
ITEM_1320,V25R085,follow_up,owner
ITEM_1321,V25R052,exposure,time_origin
ITEM_1322,V25R090,follow_up,trace_coverage
ITEM_1323,V25R093,follow_up,trace_coverage
ITEM_1324,V25R082,exposure,time_origin
ITEM_1325,V25R056,exposure,coverage
ITEM_1326,V25R028,closure,date
ITEM_1327,V25R060,closure,evidence_basis
ITEM_1328,V25R046,follow_up,exposure_qualified_observation
ITEM_1329,V25R002,closure,reopening_rule
ITEM_1330,V25R004,follow_up,owner
ITEM_1331,V25R021,exposure,time_origin
ITEM_1332,V25R100,exposure,eligibility
ITEM_1333,V25R019,closure,evidence_basis
ITEM_1334,V25R016,follow_up,trace_coverage
ITEM_1335,V25R061,closure,evidence_basis
ITEM_1336,V25R043,closure,evidence_basis
ITEM_1337,V25R087,follow_up,trace_coverage
ITEM_1338,V25R033,closure,scope
ITEM_1339,V25R072,follow_up,calendar_interval
ITEM_1340,V25R004,follow_up,calendar_interval
ITEM_1341,V25R097,follow_up,trace_coverage
ITEM_1342,V25R036,exposure,eligibility
ITEM_1343,V25R075,exposure,coverage
ITEM_1344,V25R062,follow_up,owner
ITEM_1345,V25R085,exposure,coverage
ITEM_1346,V25R076,follow_up,owner
ITEM_1347,V25R067,closure,evidence_basis
ITEM_1348,V25R026,exposure,coverage
ITEM_1349,V25R041,exposure,unit
ITEM_1350,V25R074,closure,evidence_basis
ITEM_1351,V25R018,exposure,coverage
ITEM_1352,V25R061,follow_up,calendar_interval
ITEM_1353,V25R089,follow_up,exposure_qualified_observation
ITEM_1354,V25R096,closure,uncertainty
ITEM_1355,V25R058,follow_up,exposure_qualified_observation
ITEM_1356,V25R081,follow_up,calendar_interval
ITEM_1357,V25R025,follow_up,exposure_qualified_observation
ITEM_1358,V25R082,closure,evidence_basis
ITEM_1359,V25R006,closure,evidence_basis
ITEM_1360,V25R041,follow_up,owner
ITEM_1361,V25R066,exposure,coverage
ITEM_1362,V25R064,follow_up,calendar_interval
ITEM_1363,V25R067,exposure,coverage
ITEM_1364,V25R068,exposure,time_origin
ITEM_1365,V25R073,exposure,coverage
ITEM_1366,V25R088,follow_up,trace_coverage
ITEM_1367,V25R074,follow_up,trace_coverage
ITEM_1368,V25R033,exposure,time_origin
ITEM_1369,V25R068,closure,owner
ITEM_1370,V25R038,follow_up,calendar_interval
ITEM_1371,V25R012,exposure,unit
ITEM_1372,V25R048,follow_up,trace_coverage
ITEM_1373,V25R069,closure,owner
ITEM_1374,V25R055,exposure,unit
ITEM_1375,V25R087,closure,date
ITEM_1376,V25R013,closure,evidence_basis
ITEM_1377,V25R006,exposure,coverage
ITEM_1378,V25R039,closure,uncertainty
ITEM_1379,V25R031,exposure,time_origin
ITEM_1380,V25R039,closure,scope
ITEM_1381,V25R009,follow_up,owner
ITEM_1382,V25R036,closure,date
ITEM_1383,V25R080,exposure,unit
ITEM_1384,V25R065,closure,scope
ITEM_1385,V25R051,follow_up,trace_coverage
ITEM_1386,V25R049,closure,date
ITEM_1387,V25R079,closure,owner
ITEM_1388,V25R065,closure,owner
ITEM_1389,V25R096,exposure,coverage
ITEM_1390,V25R054,closure,owner
ITEM_1391,V25R041,closure,evidence_basis
ITEM_1392,V25R063,follow_up,exposure_qualified_observation
ITEM_1393,V25R009,follow_up,exposure_qualified_observation
ITEM_1394,V25R084,exposure,time_origin
ITEM_1395,V25R082,closure,date
ITEM_1396,V25R022,exposure,coverage
ITEM_1397,V25R093,follow_up,calendar_interval
ITEM_1398,V25R080,closure,reopening_rule
ITEM_1399,V25R097,closure,evidence_basis
ITEM_1400,V25R003,exposure,coverage
